id,name,path_with_namespace,html_url,description,stars,forks,updated_at
4887759,chromium_src_test_wenyu,OpenHarmony-TPC / chromium_src_test_wenyu,https://gitcode.com/openharmony-tpc/chromium_src_test_wenyu,chromium_src_test_wenyu,0,0,2025-03-18T10:35:43.387+08:00
4760370,Rxohos,OpenHarmony-TPC / Rxohos,https://gitcode.com/openharmony-tpc/Rxohos,,0,0,2025-02-22T23:44:53.339+08:00
4760285,EasyFonts,OpenHarmony-TPC / EasyFonts,https://gitcode.com/openharmony-tpc/EasyFonts,,0,0,2025-02-22T23:36:32.082+08:00
4539522,.gitcode,OpenHarmony-TPC / .gitcode,https://gitcode.com/openharmony-tpc/.gitcode,,1,0,2025-01-03T10:15:17.691+08:00
4509515,arkweb-agreements,OpenHarmony-TPC / arkweb-agreements,https://gitcode.com/openharmony-tpc/arkweb-agreements,ArkWeb 项目群迁移公告,5,0,2025-07-17T14:28:07.659+08:00
4371899,paddle_lite,OpenHarmony-TPC / paddle_lite,https://gitcode.com/openharmony-tpc/paddle_lite,,1,0,2025-02-22T23:36:03.620+08:00
4371896,ncnn,OpenHarmony-TPC / ncnn,https://gitcode.com/openharmony-tpc/ncnn,,0,0,2025-02-22T23:31:01.492+08:00
4371889,mnn,OpenHarmony-TPC / mnn,https://gitcode.com/openharmony-tpc/mnn,,0,0,2025-02-22T23:30:42.476+08:00
4371882,ohos_mpchart,OpenHarmony-TPC / ohos_mpchart,https://gitcode.com/openharmony-tpc/ohos_mpchart,,9,27,2025-02-22T23:20:22.076+08:00
4371863,ohos_mail_base,OpenHarmony-TPC / ohos_mail_base,https://gitcode.com/openharmony-tpc/ohos_mail_base,ohos_mail_base是专为OpenHarmony系统开发的标准邮件协议 SDK，采用纯TypeScript语言实现。本仓库包含标准邮件协议 SDK 源码和相关使用说明文档。,0,1,2025-02-22T23:20:17.974+08:00
4371849,ai_framework_integration,OpenHarmony-TPC / ai_framework_integration,https://gitcode.com/openharmony-tpc/ai_framework_integration,,0,0,2025-02-22T23:26:46.493+08:00
4371843,talkweb_mqtt,OpenHarmony-TPC / talkweb_mqtt,https://gitcode.com/openharmony-tpc/talkweb_mqtt,MQTT（Message Queuing Telemetry Transport，消息队列遥测传输协议），是一种基于发布/订阅（publish/subscribe）模式的轻量级协议，该协议构建于TCP/IP协议之上，MQTT最大优点在于可以以极少的代码和有限的带宽，为连接远程设备提供实时可靠的消息服务。作为一种低开销、低带宽占用的即时通讯协议，使其在物联网、小型设备、移动应用等方面有较广泛的应用。,1,1,2025-02-22T23:40:24.211+08:00
4371840,talkweb_iiot,OpenHarmony-TPC / talkweb_iiot,https://gitcode.com/openharmony-tpc/talkweb_iiot,拓维工业物联网平台，支持OPC-UA/DA、Modbus、SIEMENS、ABB等工业协议，支持鸿蒙设备接入...,0,0,2025-02-22T23:40:12.797+08:00
4371835,talkweb_link_sdk,OpenHarmony-TPC / talkweb_link_sdk,https://gitcode.com/openharmony-tpc/talkweb_link_sdk,TLink SDK（原名为Talkweb Link Kit SDK）是拓维物联网平台提供的设备端软件开发工具包，可简化开发过程，实现设备快速接入拓维物联网平台。设备厂商获取SDK后，根据需要选择相应功能进行移植，即可快速集成TLink SDK，实现设备的接入、认证、数据采集等。TLink SDK可运行在OpenHarmony系统上,0,0,2025-02-22T23:40:18.518+08:00
4371831,talkweb_edge,OpenHarmony-TPC / talkweb_edge,https://gitcode.com/openharmony-tpc/talkweb_edge,边缘计算作为联接物理和数字世界的桥梁，聚焦于万物智能联接，满足工业互联网在敏捷联接、实时业务、数据优化、应用智能、安全与隐私保护等方面的需求。边缘计算同时作为一种分散式运算架构，通过就近提供计算、存储、分析、传输等关键能力，解决了数据延迟、带宽消耗、弱网络的难题,0,0,2025-02-22T23:40:07.216+08:00
4371827,shineweng-datasphere,OpenHarmony-TPC / shineweng-datasphere,https://gitcode.com/openharmony-tpc/shineweng-datasphere,,0,0,2025-02-22T23:38:31.148+08:00
4371823,device_soc_amlogic,OpenHarmony-TPC / device_soc_amlogic,https://gitcode.com/openharmony-tpc/device_soc_amlogic,,0,0,2025-02-22T23:14:20.652+08:00
4371819,device_board_amlogic,OpenHarmony-TPC / device_board_amlogic,https://gitcode.com/openharmony-tpc/device_board_amlogic,,0,0,2025-02-22T23:28:13.408+08:00
4371815,vendor_amlogic,OpenHarmony-TPC / vendor_amlogic,https://gitcode.com/openharmony-tpc/vendor_amlogic,,0,0,2025-02-22T23:34:42.341+08:00
4371792,chromium_cef,OpenHarmony-TPC / chromium_cef,https://gitcode.com/openharmony-tpc/chromium_cef,Cef是chromium项目的一个分支，抽离webkite和内核层，提供content层上的API接口，把复杂的底层接口进行封装，更加友好的给用户使用，多数用于客户端的开发，通过内置页面实现快速开发客户端界面的效果,22,219,2025-02-11T18:09:17.513+08:00
4371737,chromium_src,OpenHarmony-TPC / chromium_src,https://gitcode.com/openharmony-tpc/chromium_src,chromium src主仓,52,623,2025-03-24T15:37:24.465+08:00
4371663,chromium_third_party_ohos_prebuilts,OpenHarmony-TPC / chromium_third_party_ohos_prebuilts,https://gitcode.com/openharmony-tpc/chromium_third_party_ohos_prebuilts,ohos预编译,0,9,2025-02-11T17:58:23.597+08:00
4371625,chromium_third_party_ohos_nweb_hap,OpenHarmony-TPC / chromium_third_party_ohos_nweb_hap,https://gitcode.com/openharmony-tpc/chromium_third_party_ohos_nweb_hap,ohos nweb hap包,4,17,2025-02-11T17:57:07.857+08:00
4371602,chromium_chrome,OpenHarmony-TPC / chromium_chrome,https://gitcode.com/openharmony-tpc/chromium_chrome,Chromium 浏览器实现,9,110,2025-05-13T17:09:41.170+08:00
4371549,chromium_third_party,OpenHarmony-TPC / chromium_third_party,https://gitcode.com/openharmony-tpc/chromium_third_party,chromium第三方库,9,223,2025-04-08T15:47:01.251+08:00
4371440,chromium_third_party_blink_webtests,OpenHarmony-TPC / chromium_third_party_blink_webtests,https://gitcode.com/openharmony-tpc/chromium_third_party_blink_webtests,chromium第三方库blink_webtests,0,12,2025-06-11T10:11:37.232+08:00
4371366,chromium_third_party_vulkan_deps,OpenHarmony-TPC / chromium_third_party_vulkan_deps,https://gitcode.com/openharmony-tpc/chromium_third_party_vulkan_deps,第三方软件vulkan-deps,0,4,2025-02-17T14:44:51.768+08:00
4371361,chromium_third_party_vulkan_deps_glslang,OpenHarmony-TPC / chromium_third_party_vulkan_deps_glslang,https://gitcode.com/openharmony-tpc/chromium_third_party_vulkan_deps_glslang,第三方软件vulkan-deps-glslang,0,4,2025-02-17T14:44:38.802+08:00
4371354,chromium_third_party_vulkan_deps_spirv_cross,OpenHarmony-TPC / chromium_third_party_vulkan_deps_spirv_cross,https://gitcode.com/openharmony-tpc/chromium_third_party_vulkan_deps_spirv_cross,第三方软件vulkan-deps-spirv_cross,0,4,2025-02-17T14:44:24.898+08:00
4371348,chromium_third_party_vulkan_deps_spirv_headers,OpenHarmony-TPC / chromium_third_party_vulkan_deps_spirv_headers,https://gitcode.com/openharmony-tpc/chromium_third_party_vulkan_deps_spirv_headers,第三方软件vulkan-deps-spirv_headers,0,3,2025-02-17T14:44:10.812+08:00
4371342,chromium_third_party_vulkan_deps_spirv_tools,OpenHarmony-TPC / chromium_third_party_vulkan_deps_spirv_tools,https://gitcode.com/openharmony-tpc/chromium_third_party_vulkan_deps_spirv_tools,第三方软件vulkan-deps-spirv_tools,0,3,2025-02-17T14:43:57.971+08:00
4371337,chromium_third_party_vulkan_deps_vulkan_headers,OpenHarmony-TPC / chromium_third_party_vulkan_deps_vulkan_headers,https://gitcode.com/openharmony-tpc/chromium_third_party_vulkan_deps_vulkan_headers,第三方软件vulkan-deps-vulkan_headers,0,6,2025-02-11T17:39:19.275+08:00
4371331,chromium_third_party_vulkan_deps_vulkan_loader,OpenHarmony-TPC / chromium_third_party_vulkan_deps_vulkan_loader,https://gitcode.com/openharmony-tpc/chromium_third_party_vulkan_deps_vulkan_loader,第三方软件vulkan-deps-vulkan_loader,0,4,2025-02-17T14:43:31.667+08:00
4371323,chromium_third_party_vulkan_deps_vulkan_tools,OpenHarmony-TPC / chromium_third_party_vulkan_deps_vulkan_tools,https://gitcode.com/openharmony-tpc/chromium_third_party_vulkan_deps_vulkan_tools,第三方软件vulkan-deps-vulkan_tools,0,4,2025-02-17T14:43:18.248+08:00
4371317,chromium_third_party_vulkan_deps_vulkan_validation_layers,OpenHarmony-TPC / chromium_third_party_vulkan_deps_vulkan_validation_layers,https://gitcode.com/openharmony-tpc/chromium_third_party_vulkan_deps_vulkan_validation_layers,第三方软件vulkan-deps-vulkan_validation_layers,0,4,2025-02-17T14:43:05.104+08:00
4371311,chromium_third_party_openscreen_tinycbor,OpenHarmony-TPC / chromium_third_party_openscreen_tinycbor,https://gitcode.com/openharmony-tpc/chromium_third_party_openscreen_tinycbor,第三方软件openscreen-tinycbor,0,4,2025-02-17T14:42:51.749+08:00
4371303,chromium_third_party_dawn_tint,OpenHarmony-TPC / chromium_third_party_dawn_tint,https://gitcode.com/openharmony-tpc/chromium_third_party_dawn_tint,Dawn-tint三方库,0,2,2025-02-17T14:42:38.287+08:00
4371294,chromium_third_party_skia,OpenHarmony-TPC / chromium_third_party_skia,https://gitcode.com/openharmony-tpc/chromium_third_party_skia,skia是个2D向量图形处理函数库，包含字型、坐标转换，以及点阵图都有高效能且简洁的表现,3,33,2025-06-11T10:11:38.416+08:00
4371282,chromium_third_party_angle_glmark2,OpenHarmony-TPC / chromium_third_party_angle_glmark2,https://gitcode.com/openharmony-tpc/chromium_third_party_angle_glmark2,第三方软件angle底层的图形渲染引擎的一部分，包含glmark2,0,7,2025-02-17T14:42:04.760+08:00
4371275,chromium_third_party_smhasher,OpenHarmony-TPC / chromium_third_party_smhasher,https://gitcode.com/openharmony-tpc/chromium_third_party_smhasher,第三方软件smhasher,0,4,2025-02-17T14:41:51.495+08:00
4371267,chromium_third_party_angle_rapidjson,OpenHarmony-TPC / chromium_third_party_angle_rapidjson,https://gitcode.com/openharmony-tpc/chromium_third_party_angle_rapidjson,第三方软件angle底层的图形渲染引擎的一部分，包含rapidjson,0,6,2025-02-17T14:41:38.050+08:00
4371261,chromium_third_party_snappy,OpenHarmony-TPC / chromium_third_party_snappy,https://gitcode.com/openharmony-tpc/chromium_third_party_snappy,第三方软件snappy,0,4,2025-02-17T14:41:24.823+08:00
4371253,chromium_third_party_angle_vk_gl_cts,OpenHarmony-TPC / chromium_third_party_angle_vk_gl_cts,https://gitcode.com/openharmony-tpc/chromium_third_party_angle_vk_gl_cts,第三方软件angle底层的图形渲染引擎的一部分，包含vk_gl_cts,0,6,2025-02-17T14:41:11.331+08:00
4371240,chromium_third_party_libprotobuf_mutator,OpenHarmony-TPC / chromium_third_party_libprotobuf_mutator,https://gitcode.com/openharmony-tpc/chromium_third_party_libprotobuf_mutator,第三方软件libprotobuf-mutator,0,4,2025-02-17T14:40:57.107+08:00
4371234,chromium_third_party_harfbuzz_ng,OpenHarmony-TPC / chromium_third_party_harfbuzz_ng,https://gitcode.com/openharmony-tpc/chromium_third_party_harfbuzz_ng,第三方软件harfbuzz-ng,0,7,2025-02-11T17:35:09.276+08:00
4371226,chromium_third_party_sqlite,OpenHarmony-TPC / chromium_third_party_sqlite,https://gitcode.com/openharmony-tpc/chromium_third_party_sqlite,第三方软件sqlite,0,14,2025-02-17T14:40:30.345+08:00
4371216,chromium_buildtools_libcpp,OpenHarmony-TPC / chromium_buildtools_libcpp,https://gitcode.com/openharmony-tpc/chromium_buildtools_libcpp,Chromium 编译库,0,3,2025-02-17T14:40:16.580+08:00
4371207,chromium_third_party_libsrtp,OpenHarmony-TPC / chromium_third_party_libsrtp,https://gitcode.com/openharmony-tpc/chromium_third_party_libsrtp,第三方如软件libsrtp,0,4,2025-02-17T14:40:00.438+08:00
4371196,chromium_third_party_devtools_frontend,OpenHarmony-TPC / chromium_third_party_devtools_frontend,https://gitcode.com/openharmony-tpc/chromium_third_party_devtools_frontend,调试器前端,0,13,2025-06-11T10:11:37.711+08:00
4371178,chromium_third_party_highway,OpenHarmony-TPC / chromium_third_party_highway,https://gitcode.com/openharmony-tpc/chromium_third_party_highway,第三方软件highway,0,4,2025-02-17T14:39:27.486+08:00
4371167,chromium_third_party_swiftshader,OpenHarmony-TPC / chromium_third_party_swiftshader,https://gitcode.com/openharmony-tpc/chromium_third_party_swiftshader,第三方软件swiftshader,0,9,2025-02-17T14:39:14.059+08:00
4371154,chromium_buildtools_libcppapi,OpenHarmony-TPC / chromium_buildtools_libcppapi,https://gitcode.com/openharmony-tpc/chromium_buildtools_libcppapi,Chromium 编译库API,0,1,2025-02-17T14:38:58.781+08:00
4370448,chromium_v8,OpenHarmony-TPC / chromium_v8,https://gitcode.com/openharmony-tpc/chromium_v8,V8 JavaScript库,3,34,2025-02-11T14:55:53.276+08:00
4369636,flutter_packages,OpenHarmony-TPC / flutter_packages,https://gitcode.com/openharmony-tpc/flutter_packages,,129,136,2025-06-19T17:51:38.794+08:00
4369624,flutter_flutter,OpenHarmony-TPC / flutter_flutter,https://gitcode.com/openharmony-tpc/flutter_flutter,,539,118,2025-08-12T11:51:54.530+08:00
4369593,flutter_samples,OpenHarmony-TPC / flutter_samples,https://gitcode.com/openharmony-tpc/flutter_samples,,53,44,2025-08-12T11:52:01.233+08:00
4369549,flutter_engine,OpenHarmony-TPC / flutter_engine,https://gitcode.com/openharmony-tpc/flutter_engine,,49,75,2025-08-12T11:51:44.227+08:00
4368596,chromium_third_party_libsync,OpenHarmony-TPC / chromium_third_party_libsync,https://gitcode.com/openharmony-tpc/chromium_third_party_libsync,第三方软件libsync,0,4,2025-02-17T14:37:58.801+08:00
4368586,chromium_third_party_dom_distiller_js,OpenHarmony-TPC / chromium_third_party_dom_distiller_js,https://gitcode.com/openharmony-tpc/chromium_third_party_dom_distiller_js,提取DOM,0,5,2025-02-17T14:37:45.566+08:00
4368563,chromium_third_party_hunspell_dictionaries,OpenHarmony-TPC / chromium_third_party_hunspell_dictionaries,https://gitcode.com/openharmony-tpc/chromium_third_party_hunspell_dictionaries,第三方软件hunspell_dictionaries,0,4,2025-02-17T14:37:32.187+08:00
4368547,chromium_third_party_tflite,OpenHarmony-TPC / chromium_third_party_tflite,https://gitcode.com/openharmony-tpc/chromium_third_party_tflite,第三方软件tflite,0,4,2025-02-17T14:37:17.571+08:00
4368540,chromium_buildtools_script,OpenHarmony-TPC / chromium_buildtools_script,https://gitcode.com/openharmony-tpc/chromium_buildtools_script,Chromium 编译工具脚本,0,1,2025-02-17T14:36:58.296+08:00
4368532,chromium_third_party_libunwindstack,OpenHarmony-TPC / chromium_third_party_libunwindstack,https://gitcode.com/openharmony-tpc/chromium_third_party_libunwindstack,第三方软件libunwindstack,0,5,2025-02-17T14:36:45.230+08:00
4368517,chromium_third_party_eigen3,OpenHarmony-TPC / chromium_third_party_eigen3,https://gitcode.com/openharmony-tpc/chromium_third_party_eigen3,第三方软件eigen3,0,4,2025-02-17T14:36:32.558+08:00
4368498,chromium_third_party_icu,OpenHarmony-TPC / chromium_third_party_icu,https://gitcode.com/openharmony-tpc/chromium_third_party_icu,第三方软件icu,1,14,2025-02-17T14:36:18.909+08:00
4368483,chromium_third_party_ub_uiautomator,OpenHarmony-TPC / chromium_third_party_ub_uiautomator,https://gitcode.com/openharmony-tpc/chromium_third_party_ub_uiautomator,第三方软件ub-uiautomator,0,2,2025-02-17T14:36:04.021+08:00
4368475,chromium_buildtools_libunwind,OpenHarmony-TPC / chromium_buildtools_libunwind,https://gitcode.com/openharmony-tpc/chromium_buildtools_libunwind,Chromium 编译unwind库,0,1,2025-02-17T14:35:51.185+08:00
4368460,chromium_third_party_libvpx,OpenHarmony-TPC / chromium_third_party_libvpx,https://gitcode.com/openharmony-tpc/chromium_third_party_libvpx,libvpx包,0,11,2025-02-17T14:35:37.777+08:00
4368452,chromium_third_party_emoji_segmenter,OpenHarmony-TPC / chromium_third_party_emoji_segmenter,https://gitcode.com/openharmony-tpc/chromium_third_party_emoji_segmenter,第三方软件emoji-segmenter,0,4,2025-02-17T14:35:24.411+08:00
4368430,chromium_third_party_javalang,OpenHarmony-TPC / chromium_third_party_javalang,https://gitcode.com/openharmony-tpc/chromium_third_party_javalang,chromium java插件,0,5,2025-02-17T14:35:11.275+08:00
4368398,chromium_third_party_ukey2,OpenHarmony-TPC / chromium_third_party_ukey2,https://gitcode.com/openharmony-tpc/chromium_third_party_ukey2,第三方软件ukey2,0,4,2025-02-17T14:34:57.421+08:00
4368383,chromium_chrome_test_canvas_bench,OpenHarmony-TPC / chromium_chrome_test_canvas_bench,https://gitcode.com/openharmony-tpc/chromium_chrome_test_canvas_bench,Canvas是HTML5新增的组件，它就像一块幕布，可以用JavaScript在上面绘制各种图表、动画等。,0,4,2025-02-17T14:34:44.510+08:00
4368378,chromium_third_party_libwebm,OpenHarmony-TPC / chromium_third_party_libwebm,https://gitcode.com/openharmony-tpc/chromium_third_party_libwebm,第三方软件libwebm,0,4,2025-02-17T14:34:31.031+08:00
4368370,chromium_third_party_expat,OpenHarmony-TPC / chromium_third_party_expat,https://gitcode.com/openharmony-tpc/chromium_third_party_expat,第三方软件expat,0,8,2025-02-17T14:34:17.735+08:00
4368361,chromium_third_party_jsoncpp,OpenHarmony-TPC / chromium_third_party_jsoncpp,https://gitcode.com/openharmony-tpc/chromium_third_party_jsoncpp,jsoncpp库,0,4,2025-02-17T14:34:04.388+08:00
4368352,chromium_third_party_usrsctp,OpenHarmony-TPC / chromium_third_party_usrsctp,https://gitcode.com/openharmony-tpc/chromium_third_party_usrsctp,第三方软件usrsctp,0,2,2025-02-17T14:33:51.231+08:00
4368345,chromium_chrome_test_frame_rate,OpenHarmony-TPC / chromium_chrome_test_frame_rate,https://gitcode.com/openharmony-tpc/chromium_chrome_test_frame_rate,Chromium 浏览器实现测试frame 。,0,4,2025-02-17T14:33:37.472+08:00
4368340,chromium_third_party_libyuv,OpenHarmony-TPC / chromium_third_party_libyuv,https://gitcode.com/openharmony-tpc/chromium_third_party_libyuv,视频格式转换库,0,8,2025-02-17T14:33:24.721+08:00
4368333,chromium_third_party_farmhash,OpenHarmony-TPC / chromium_third_party_farmhash,https://gitcode.com/openharmony-tpc/chromium_third_party_farmhash,第三方软件farmhash,0,4,2025-02-17T14:33:11.816+08:00
4368324,chromium_third_party_junit,OpenHarmony-TPC / chromium_third_party_junit,https://gitcode.com/openharmony-tpc/chromium_third_party_junit,第三方软件junit,0,4,2025-02-17T14:32:58.713+08:00
4368315,chromium_third_party_vulkan_memory_allocator,OpenHarmony-TPC / chromium_third_party_vulkan_memory_allocator,https://gitcode.com/openharmony-tpc/chromium_third_party_vulkan_memory_allocator,第三方软件vulkan_memory_allocator,0,5,2025-02-17T14:32:45.619+08:00
4368311,chromium_chrome_test_xr,OpenHarmony-TPC / chromium_chrome_test_xr,https://gitcode.com/openharmony-tpc/chromium_chrome_test_xr,Chromium 浏览器实现测试XR。,0,4,2025-02-17T14:32:32.271+08:00
4368306,chromium_third_party_lss,OpenHarmony-TPC / chromium_third_party_lss,https://gitcode.com/openharmony-tpc/chromium_third_party_lss,第三方软件lss,0,4,2025-02-17T14:32:18.806+08:00
4368299,chromium_third_party_ffmpeg,OpenHarmony-TPC / chromium_third_party_ffmpeg,https://gitcode.com/openharmony-tpc/chromium_third_party_ffmpeg,多媒体框架,1,20,2025-02-11T14:48:22.858+08:00
4368289,chromium_third_party_leveldatabase,OpenHarmony-TPC / chromium_third_party_leveldatabase,https://gitcode.com/openharmony-tpc/chromium_third_party_leveldatabase,第三方软件leveldatabase,0,4,2025-02-17T14:31:50.780+08:00
4368283,chromium_third_party_wayland,OpenHarmony-TPC / chromium_third_party_wayland,https://gitcode.com/openharmony-tpc/chromium_third_party_wayland,设计替代X的显示服务器,0,10,2025-02-17T14:31:37.784+08:00
4368276,chromium_docs_website,OpenHarmony-TPC / chromium_docs_website,https://gitcode.com/openharmony-tpc/chromium_docs_website,Chromium 文档网站,0,3,2025-02-17T14:31:24.809+08:00
4368273,chromium_third_party_minigbm,OpenHarmony-TPC / chromium_third_party_minigbm,https://gitcode.com/openharmony-tpc/chromium_third_party_minigbm,第三方软件minigbm,0,4,2025-02-17T14:31:10.777+08:00
4368266,chromium_third_party_flac,OpenHarmony-TPC / chromium_third_party_flac,https://gitcode.com/openharmony-tpc/chromium_third_party_flac,第三方软件flac,0,4,2025-02-17T14:30:57.610+08:00
4368259,chromium_third_party_libaddressinput,OpenHarmony-TPC / chromium_third_party_libaddressinput,https://gitcode.com/openharmony-tpc/chromium_third_party_libaddressinput,第三方软件libaddressinput,0,5,2025-02-17T14:30:44.624+08:00
4368251,chromium_third_party_wayland_protocols_gtk,OpenHarmony-TPC / chromium_third_party_wayland_protocols_gtk,https://gitcode.com/openharmony-tpc/chromium_third_party_wayland_protocols_gtk,设计替代X的显示服务器gtk,0,6,2025-02-17T14:30:31.419+08:00
4368246,chromium_third_party_angle,OpenHarmony-TPC / chromium_third_party_angle,https://gitcode.com/openharmony-tpc/chromium_third_party_angle,第三方软件angle底层的图形渲染引擎的一部分,0,14,2025-02-17T14:30:17.326+08:00
4368239,chromium_third_party_minizip,OpenHarmony-TPC / chromium_third_party_minizip,https://gitcode.com/openharmony-tpc/chromium_third_party_minizip,第三方软件minizip,1,3,2025-02-17T14:30:03.021+08:00
4368231,chromium_third_party_flatbuffers,OpenHarmony-TPC / chromium_third_party_flatbuffers,https://gitcode.com/openharmony-tpc/chromium_third_party_flatbuffers,第三方软件flatbuffers,0,4,2025-02-17T14:29:49.948+08:00
4368226,chromium_third_party_libaom,OpenHarmony-TPC / chromium_third_party_libaom,https://gitcode.com/openharmony-tpc/chromium_third_party_libaom,第三方软件libaom,0,5,2025-02-17T14:29:36.246+08:00
4368220,chromium_third_party_wayland_protocols_kde,OpenHarmony-TPC / chromium_third_party_wayland_protocols_kde,https://gitcode.com/openharmony-tpc/chromium_third_party_wayland_protocols_kde,设计替代X的显示服务器kde,0,5,2025-02-17T14:29:23.031+08:00
4368216,chromium_third_party_apache_portable_runtime,OpenHarmony-TPC / chromium_third_party_apache_portable_runtime,https://gitcode.com/openharmony-tpc/chromium_third_party_apache_portable_runtime,可移植运行库,0,5,2025-02-17T14:29:10.067+08:00
4368211,chromium_third_party_mockito,OpenHarmony-TPC / chromium_third_party_mockito,https://gitcode.com/openharmony-tpc/chromium_third_party_mockito,第三方软件mockito,0,3,2025-02-17T14:28:56.822+08:00
4368207,chromium_third_party_fontconfig,OpenHarmony-TPC / chromium_third_party_fontconfig,https://gitcode.com/openharmony-tpc/chromium_third_party_fontconfig,第三方软件fontconfig,0,4,2025-02-17T14:28:43.683+08:00
4368202,chromium_third_party_libavif,OpenHarmony-TPC / chromium_third_party_libavif,https://gitcode.com/openharmony-tpc/chromium_third_party_libavif,第三方软件libavif,0,4,2025-02-17T14:28:30.754+08:00
4368197,chromium_third_party_wayland_protocols_src,OpenHarmony-TPC / chromium_third_party_wayland_protocols_src,https://gitcode.com/openharmony-tpc/chromium_third_party_wayland_protocols_src,设计替代X的显示服务器src,0,5,2025-02-17T14:28:17.186+08:00
4368191,chromium_third_party_boringssl,OpenHarmony-TPC / chromium_third_party_boringssl,https://gitcode.com/openharmony-tpc/chromium_third_party_boringssl,BoringSSL 是google创建的 OpenSSL 分支,0,6,2025-02-17T14:28:03.242+08:00
4368187,chromium_third_party_nasm,OpenHarmony-TPC / chromium_third_party_nasm,https://gitcode.com/openharmony-tpc/chromium_third_party_nasm,第三方软件nasm,0,4,2025-02-17T14:27:48.559+08:00
4368181,chromium_third_party_fp16,OpenHarmony-TPC / chromium_third_party_fp16,https://gitcode.com/openharmony-tpc/chromium_third_party_fp16,面向Opera浏览器和以Chrome为内核的浏览器设计的Flash Player,0,4,2025-02-17T14:27:34.957+08:00
4368177,chromium_third_party_libdrm,OpenHarmony-TPC / chromium_third_party_libdrm,https://gitcode.com/openharmony-tpc/chromium_third_party_libdrm,第三方软件libdrm,0,4,2025-02-17T14:27:21.941+08:00
4368171,chromium_third_party_webdriver,OpenHarmony-TPC / chromium_third_party_webdriver,https://gitcode.com/openharmony-tpc/chromium_third_party_webdriver,第三方软件webdriver,0,5,2025-02-17T14:27:08.231+08:00
4368167,chromium_third_party_breakpad,OpenHarmony-TPC / chromium_third_party_breakpad,https://gitcode.com/openharmony-tpc/chromium_third_party_breakpad,Breakpad 是一个库和工具集,0,6,2025-02-17T14:26:54.995+08:00
4368159,chromium_third_party_neon_2_sse,OpenHarmony-TPC / chromium_third_party_neon_2_sse,https://gitcode.com/openharmony-tpc/chromium_third_party_neon_2_sse,第三方软件neon_2_sse,0,4,2025-02-17T14:26:41.044+08:00
4368151,chromium_third_party_freetype,OpenHarmony-TPC / chromium_third_party_freetype,https://gitcode.com/openharmony-tpc/chromium_third_party_freetype,FreeType字体库,0,7,2025-02-17T14:26:28.321+08:00
4368142,chromium_third_party_libFuzzer,OpenHarmony-TPC / chromium_third_party_libFuzzer,https://gitcode.com/openharmony-tpc/chromium_third_party_libFuzzer,libFuzzer测试,0,4,2025-02-17T14:26:15.075+08:00
4368134,chromium_third_party_webgl,OpenHarmony-TPC / chromium_third_party_webgl,https://gitcode.com/openharmony-tpc/chromium_third_party_webgl,第三方软件webgl,0,5,2025-02-17T14:26:01.088+08:00
4368124,chromium_third_party_cast_core,OpenHarmony-TPC / chromium_third_party_cast_core,https://gitcode.com/openharmony-tpc/chromium_third_party_cast_core,第三方软件cast_core,0,4,2025-02-17T14:25:44.261+08:00
4368117,chromium_third_party_netty4,OpenHarmony-TPC / chromium_third_party_netty4,https://gitcode.com/openharmony-tpc/chromium_third_party_netty4,第三方软件netty4,0,4,2025-02-17T14:25:30.727+08:00
4368107,chromium_third_party_freetype_testing,OpenHarmony-TPC / chromium_third_party_freetype_testing,https://gitcode.com/openharmony-tpc/chromium_third_party_freetype_testing,FreeType字体库测试,0,4,2025-02-17T14:25:17.366+08:00
4368103,chromium_third_party_libgav1,OpenHarmony-TPC / chromium_third_party_libgav1,https://gitcode.com/openharmony-tpc/chromium_third_party_libgav1,第三方软件libgav1,0,6,2025-02-17T14:25:03.797+08:00
4368097,chromium_third_party_webgpu_cts,OpenHarmony-TPC / chromium_third_party_webgpu_cts,https://gitcode.com/openharmony-tpc/chromium_third_party_webgpu_cts,第三方软件webgpu-cts,0,5,2025-02-17T14:24:50.195+08:00
4368091,chromium_third_party_catapult,OpenHarmony-TPC / chromium_third_party_catapult,https://gitcode.com/openharmony-tpc/chromium_third_party_catapult,Catapult 是Chrome/Chromium/Chromium OS所使用的一系列性能工具的组合,1,6,2025-02-17T14:24:36.473+08:00
4368083,chromium_third_party_netty_tcnative,OpenHarmony-TPC / chromium_third_party_netty_tcnative,https://gitcode.com/openharmony-tpc/chromium_third_party_netty_tcnative,第三方软件netty-tcnative,0,4,2025-02-17T14:24:18.662+08:00
4368076,chromium_third_party_gemmlowp,OpenHarmony-TPC / chromium_third_party_gemmlowp,https://gitcode.com/openharmony-tpc/chromium_third_party_gemmlowp,第三方软件gemmlowp,0,4,2025-02-17T14:24:05.669+08:00
4368068,chromium_third_party_libgifcodec,OpenHarmony-TPC / chromium_third_party_libgifcodec,https://gitcode.com/openharmony-tpc/chromium_third_party_libgifcodec,第三方软件libgifcodec,0,2,2025-02-17T14:23:52.236+08:00
4368058,chromium_third_party_webrtc,OpenHarmony-TPC / chromium_third_party_webrtc,https://gitcode.com/openharmony-tpc/chromium_third_party_webrtc,第三方软件webrtc,0,11,2025-06-11T10:11:38.958+08:00
4368046,chromium_third_party_ced,OpenHarmony-TPC / chromium_third_party_ced,https://gitcode.com/openharmony-tpc/chromium_third_party_ced,第三方软件ced,0,4,2025-02-17T14:23:23.988+08:00
4368041,chromium_third_party_openh264,OpenHarmony-TPC / chromium_third_party_openh264,https://gitcode.com/openharmony-tpc/chromium_third_party_openh264,第三方软件openh264,0,4,2025-02-17T14:23:10.312+08:00
4368035,chromium_third_party_glfw,OpenHarmony-TPC / chromium_third_party_glfw,https://gitcode.com/openharmony-tpc/chromium_third_party_glfw,第三方软件glfw,0,2,2025-02-17T14:22:56.707+08:00
4368031,chromium_third_party_libjpeg_turbo,OpenHarmony-TPC / chromium_third_party_libjpeg_turbo,https://gitcode.com/openharmony-tpc/chromium_third_party_libjpeg_turbo,libjpeg-turbo是一种JPEG图像编解码器的库,1,5,2025-02-17T14:22:43.367+08:00
4368025,chromium_third_party_weston,OpenHarmony-TPC / chromium_third_party_weston,https://gitcode.com/openharmony-tpc/chromium_third_party_weston,第三方软件weston,0,5,2025-02-17T14:22:29.881+08:00
4368021,chromium_third_party_cld_3,OpenHarmony-TPC / chromium_third_party_cld_3,https://gitcode.com/openharmony-tpc/chromium_third_party_cld_3,第三方软件cld,0,4,2025-02-17T14:22:16.465+08:00
4368016,chromium_third_party_openscreen,OpenHarmony-TPC / chromium_third_party_openscreen,https://gitcode.com/openharmony-tpc/chromium_third_party_openscreen,第三方软件openscreen,0,4,2025-02-17T14:22:02.808+08:00
4368008,chromium_third_party_googletest,OpenHarmony-TPC / chromium_third_party_googletest,https://gitcode.com/openharmony-tpc/chromium_third_party_googletest,Google Test单元测试框架,0,4,2025-02-17T14:21:49.476+08:00
4368004,chromium_third_party_libjxl,OpenHarmony-TPC / chromium_third_party_libjxl,https://gitcode.com/openharmony-tpc/chromium_third_party_libjxl,第三方软件libjxl,0,2,2025-02-17T14:21:36.251+08:00
4367997,chromium_third_party_wuffs,OpenHarmony-TPC / chromium_third_party_wuffs,https://gitcode.com/openharmony-tpc/chromium_third_party_wuffs,第三方软件wuffs,0,5,2025-02-17T14:21:23.262+08:00
4367990,chromium_third_party_colorama,OpenHarmony-TPC / chromium_third_party_colorama,https://gitcode.com/openharmony-tpc/chromium_third_party_colorama,第三方软件colorama,0,4,2025-02-17T14:21:10.065+08:00
4367981,chromium_third_party_pdfium,OpenHarmony-TPC / chromium_third_party_pdfium,https://gitcode.com/openharmony-tpc/chromium_third_party_pdfium,PDF 渲染引擎,0,14,2025-02-11T14:35:32.922+08:00
4367971,chromium_third_party_grpc,OpenHarmony-TPC / chromium_third_party_grpc,https://gitcode.com/openharmony-tpc/chromium_third_party_grpc,第三方软件grpc,0,4,2025-02-17T14:20:41.562+08:00
4367962,chromium_third_party_liblouis,OpenHarmony-TPC / chromium_third_party_liblouis,https://gitcode.com/openharmony-tpc/chromium_third_party_liblouis,第三方软件liblouis,0,5,2025-02-17T14:20:25.549+08:00
4367953,chromium_third_party_xdg_utils,OpenHarmony-TPC / chromium_third_party_xdg_utils,https://gitcode.com/openharmony-tpc/chromium_third_party_xdg_utils,第三方软件xdg-utils,0,6,2025-02-17T14:20:12.205+08:00
4367945,chromium_third_party_crc32c,OpenHarmony-TPC / chromium_third_party_crc32c,https://gitcode.com/openharmony-tpc/chromium_third_party_crc32c,第三方软件crc32c,0,4,2025-02-17T14:19:59.172+08:00
4367936,chromium_third_party_perfetto,OpenHarmony-TPC / chromium_third_party_perfetto,https://gitcode.com/openharmony-tpc/chromium_third_party_perfetto,第三方软件perfetto,1,6,2025-02-17T14:19:44.871+08:00
4367927,chromium_third_party_gvr_android_sdk,OpenHarmony-TPC / chromium_third_party_gvr_android_sdk,https://gitcode.com/openharmony-tpc/chromium_third_party_gvr_android_sdk,第三方软件gvr-android-sdk,0,3,2025-02-17T14:19:27.522+08:00
4367917,chromium_third_party_libphonenumber,OpenHarmony-TPC / chromium_third_party_libphonenumber,https://gitcode.com/openharmony-tpc/chromium_third_party_libphonenumber,libphonenumber 包,0,4,2025-02-17T14:19:14.474+08:00
4367911,chromium_tools_acid3,OpenHarmony-TPC / chromium_tools_acid3,https://gitcode.com/openharmony-tpc/chromium_tools_acid3,chromium工具,0,7,2025-02-17T14:19:00.302+08:00
4367905,chromium_third_party_cros_system_api,OpenHarmony-TPC / chromium_third_party_cros_system_api,https://gitcode.com/openharmony-tpc/chromium_third_party_cros_system_api,第三方软件cros_system_api,0,4,2025-02-17T14:18:47.550+08:00
4367901,chromium_third_party_pyelftools,OpenHarmony-TPC / chromium_third_party_pyelftools,https://gitcode.com/openharmony-tpc/chromium_third_party_pyelftools,第三方软件pyelftools,0,5,2025-02-17T14:18:34.570+08:00
4367895,chromium_third_party_dav1d,OpenHarmony-TPC / chromium_third_party_dav1d,https://gitcode.com/openharmony-tpc/chromium_third_party_dav1d,chromium解码,0,4,2025-02-17T14:18:21.491+08:00
4367887,chromium_third_party_pywebsocket3,OpenHarmony-TPC / chromium_third_party_pywebsocket3,https://gitcode.com/openharmony-tpc/chromium_third_party_pywebsocket3,第三方软件pywebsocket3,0,4,2025-02-17T14:18:07.717+08:00
4367879,chromium_third_party_dawn,OpenHarmony-TPC / chromium_third_party_dawn,https://gitcode.com/openharmony-tpc/chromium_third_party_dawn,Dawn 是正在发展的WebGPU标准的开源的、跨平台的实现,0,7,2025-02-17T14:17:54.808+08:00
4367866,chromium_third_party_quic_trace,OpenHarmony-TPC / chromium_third_party_quic_trace,https://gitcode.com/openharmony-tpc/chromium_third_party_quic_trace,第三方软件quic_trace,1,5,2025-02-17T14:17:31.795+08:00
4367851,chromium_third_party_depot_tools,OpenHarmony-TPC / chromium_third_party_depot_tools,https://gitcode.com/openharmony-tpc/chromium_third_party_depot_tools,depot_tools是个工具包（depot是仓库的意思），里面包含gclient、gcl、gn和ninja等工具，这些根据都是使用python写的。其主要的功能是对git的增强，让代码管理和编译更加简单,0,5,2025-02-17T14:17:18.570+08:00
4367828,chromium_third_party_re2,OpenHarmony-TPC / chromium_third_party_re2,https://gitcode.com/openharmony-tpc/chromium_third_party_re2,第三方软件re2,0,4,2025-02-17T14:17:04.590+08:00
4367819,chromium_third_party_requests,OpenHarmony-TPC / chromium_third_party_requests,https://gitcode.com/openharmony-tpc/chromium_third_party_requests,第三方软件requests,0,5,2025-02-17T14:16:51.571+08:00
4367812,chromium_third_party_rust,OpenHarmony-TPC / chromium_third_party_rust,https://gitcode.com/openharmony-tpc/chromium_third_party_rust,第三方软件rust,0,2,2025-02-17T14:16:38.558+08:00
4367801,chromium_third_party_ruy,OpenHarmony-TPC / chromium_third_party_ruy,https://gitcode.com/openharmony-tpc/chromium_third_party_ruy,第三方软件ruy,0,5,2025-02-17T14:16:25.380+08:00
4367793,chromium_third_party_securemessage,OpenHarmony-TPC / chromium_third_party_securemessage,https://gitcode.com/openharmony-tpc/chromium_third_party_securemessage,第三方软件securemessage,0,4,2025-02-17T14:16:12.185+08:00
4367787,chromium_third_party_shaderc,OpenHarmony-TPC / chromium_third_party_shaderc,https://gitcode.com/openharmony-tpc/chromium_third_party_shaderc,第三方软件shaderc,0,2,2025-02-17T14:15:59.207+08:00
4367781,docs,OpenHarmony-TPC / docs,https://gitcode.com/openharmony-tpc/docs,,2,7,2025-02-22T23:19:12.846+08:00
4367769,tpc_resource,OpenHarmony-TPC / tpc_resource,https://gitcode.com/openharmony-tpc/tpc_resource,三方组件资源汇总,25,11,2025-02-22T23:34:33.477+08:00
4367755,NineGridImageViewJS,OpenHarmony-TPC / NineGridImageViewJS,https://gitcode.com/openharmony-tpc/NineGridImageViewJS,,0,1,2025-02-22T23:31:12.851+08:00
4367750,ohos-CoverflowJS,OpenHarmony-TPC / ohos-CoverflowJS,https://gitcode.com/openharmony-tpc/ohos-CoverflowJS,,0,0,2025-02-22T23:33:49.971+08:00
4367743,ArcProgressStackViewJS,OpenHarmony-TPC / ArcProgressStackViewJS,https://gitcode.com/openharmony-tpc/ArcProgressStackViewJS,,0,0,2025-02-22T23:27:02.926+08:00
4367738,CurtainJs,OpenHarmony-TPC / CurtainJs,https://gitcode.com/openharmony-tpc/CurtainJs,,0,0,2025-02-22T23:27:50.715+08:00
4367668,openharmony_tpc_samples,OpenHarmony-TPC / openharmony_tpc_samples,https://gitcode.com/openharmony-tpc/openharmony_tpc_samples,,34,104,2025-02-22T23:35:27.650+08:00
4367506,LoadingViewJs,OpenHarmony-TPC / LoadingViewJs,https://gitcode.com/openharmony-tpc/LoadingViewJs,,0,0,2025-02-22T23:30:20.656+08:00
4367500,search_dialogJS,OpenHarmony-TPC / search_dialogJS,https://gitcode.com/openharmony-tpc/search_dialogJS,,0,0,2025-02-22T23:38:07.503+08:00
4367496,RefreshLoadMoreComponentJS,OpenHarmony-TPC / RefreshLoadMoreComponentJS,https://gitcode.com/openharmony-tpc/RefreshLoadMoreComponentJS,,0,0,2025-02-22T23:37:14.695+08:00
4367492,SelectViewJS,OpenHarmony-TPC / SelectViewJS,https://gitcode.com/openharmony-tpc/SelectViewJS,,0,0,2025-02-22T23:38:19.159+08:00
4367489,StatusViewJS,OpenHarmony-TPC / StatusViewJS,https://gitcode.com/openharmony-tpc/StatusViewJS,,0,0,2025-02-22T23:39:49.512+08:00
4367482,Image3DJs,OpenHarmony-TPC / Image3DJs,https://gitcode.com/openharmony-tpc/Image3DJs,,0,0,2025-02-22T23:29:30.086+08:00
4367477,ContinuousScrollableImageJS,OpenHarmony-TPC / ContinuousScrollableImageJS,https://gitcode.com/openharmony-tpc/ContinuousScrollableImageJS,,0,0,2025-02-22T23:27:49.102+08:00
4367473,ijkplayer-ohos,OpenHarmony-TPC / ijkplayer-ohos,https://gitcode.com/openharmony-tpc/ijkplayer-ohos,,0,0,2025-02-22T23:45:12.428+08:00
4367469,EventBus,OpenHarmony-TPC / EventBus,https://gitcode.com/openharmony-tpc/EventBus,,0,0,2025-02-22T23:45:10.923+08:00
4367466,CircleRefreshLayout,OpenHarmony-TPC / CircleRefreshLayout,https://gitcode.com/openharmony-tpc/CircleRefreshLayout,,0,0,2025-02-22T23:45:09.286+08:00
4367463,SimpleCropView,OpenHarmony-TPC / SimpleCropView,https://gitcode.com/openharmony-tpc/SimpleCropView,,0,0,2025-02-22T23:45:07.732+08:00
4367459,ion,OpenHarmony-TPC / ion,https://gitcode.com/openharmony-tpc/ion,,0,0,2025-02-22T23:45:06.177+08:00
4367454,XXPermissions,OpenHarmony-TPC / XXPermissions,https://gitcode.com/openharmony-tpc/XXPermissions,,0,0,2025-02-22T23:45:04.613+08:00
4367450,BGAQRCode-ohos,OpenHarmony-TPC / BGAQRCode-ohos,https://gitcode.com/openharmony-tpc/BGAQRCode-ohos,,0,0,2025-02-22T23:45:02.680+08:00
4367447,LoadSir,OpenHarmony-TPC / LoadSir,https://gitcode.com/openharmony-tpc/LoadSir,,0,0,2025-02-22T23:45:01.111+08:00
4367443,ohos-ZBLibrary,OpenHarmony-TPC / ohos-ZBLibrary,https://gitcode.com/openharmony-tpc/ohos-ZBLibrary,,0,0,2025-02-22T23:44:59.529+08:00
4367439,glide,OpenHarmony-TPC / glide,https://gitcode.com/openharmony-tpc/glide,,0,0,2025-02-22T23:44:58.022+08:00
4367436,ohosViewAnimations,OpenHarmony-TPC / ohosViewAnimations,https://gitcode.com/openharmony-tpc/ohosViewAnimations,,0,0,2025-02-22T23:44:56.476+08:00
4367432,greenDAO,OpenHarmony-TPC / greenDAO,https://gitcode.com/openharmony-tpc/greenDAO,,0,0,2025-02-22T23:44:54.831+08:00
4367428,fresco,OpenHarmony-TPC / fresco,https://gitcode.com/openharmony-tpc/fresco,,0,0,2025-02-22T23:44:51.783+08:00
4367425,lottie-ohos,OpenHarmony-TPC / lottie-ohos,https://gitcode.com/openharmony-tpc/lottie-ohos,,0,0,2025-02-22T23:44:50.171+08:00
4367422,confetti,OpenHarmony-TPC / confetti,https://gitcode.com/openharmony-tpc/confetti,,0,0,2025-02-22T23:44:48.593+08:00
4367417,butterknife,OpenHarmony-TPC / butterknife,https://gitcode.com/openharmony-tpc/butterknife,,0,0,2025-02-22T23:44:47.022+08:00
4367413,PhotoView,OpenHarmony-TPC / PhotoView,https://gitcode.com/openharmony-tpc/PhotoView,,0,0,2025-02-22T23:44:45.433+08:00
4367410,CircleImageView,OpenHarmony-TPC / CircleImageView,https://gitcode.com/openharmony-tpc/CircleImageView,,0,0,2025-02-22T23:44:43.826+08:00
4367407,logger,OpenHarmony-TPC / logger,https://gitcode.com/openharmony-tpc/logger,,0,0,2025-02-22T23:44:42.269+08:00
4367403,Luban,OpenHarmony-TPC / Luban,https://gitcode.com/openharmony-tpc/Luban,,0,0,2025-02-22T23:44:40.797+08:00
4367399,Matisse,OpenHarmony-TPC / Matisse,https://gitcode.com/openharmony-tpc/Matisse,,0,0,2025-02-22T23:44:39.223+08:00
4367395,ViewPagerIndicator,OpenHarmony-TPC / ViewPagerIndicator,https://gitcode.com/openharmony-tpc/ViewPagerIndicator,,0,0,2025-02-22T23:44:37.552+08:00
4367391,FlycoTabLayout,OpenHarmony-TPC / FlycoTabLayout,https://gitcode.com/openharmony-tpc/FlycoTabLayout,,0,0,2025-02-22T23:44:36.015+08:00
4367388,glide-transformations,OpenHarmony-TPC / glide-transformations,https://gitcode.com/openharmony-tpc/glide-transformations,,0,0,2025-02-22T23:44:34.425+08:00
4367385,Toasty,OpenHarmony-TPC / Toasty,https://gitcode.com/openharmony-tpc/Toasty,,0,0,2025-02-22T23:44:32.843+08:00
4367382,PageIndicatorView,OpenHarmony-TPC / PageIndicatorView,https://gitcode.com/openharmony-tpc/PageIndicatorView,,0,0,2025-02-22T23:44:31.229+08:00
4367375,BGARefreshLayout-ohos,OpenHarmony-TPC / BGARefreshLayout-ohos,https://gitcode.com/openharmony-tpc/BGARefreshLayout-ohos,,0,0,2025-02-22T23:44:29.623+08:00
4367370,RxBus,OpenHarmony-TPC / RxBus,https://gitcode.com/openharmony-tpc/RxBus,,0,0,2025-02-22T23:44:27.121+08:00
4367366,MaterialProgressBar,OpenHarmony-TPC / MaterialProgressBar,https://gitcode.com/openharmony-tpc/MaterialProgressBar,,0,0,2025-02-22T23:44:25.480+08:00
4367363,PersistentCookieJar,OpenHarmony-TPC / PersistentCookieJar,https://gitcode.com/openharmony-tpc/PersistentCookieJar,,0,0,2025-02-22T23:44:23.818+08:00
4367357,vlayout,OpenHarmony-TPC / vlayout,https://gitcode.com/openharmony-tpc/vlayout,,0,0,2025-02-22T23:44:22.233+08:00
4367354,ohos-Bootstrap,OpenHarmony-TPC / ohos-Bootstrap,https://gitcode.com/openharmony-tpc/ohos-Bootstrap,,0,0,2025-02-22T23:44:20.572+08:00
4367349,drawee-text-view,OpenHarmony-TPC / drawee-text-view,https://gitcode.com/openharmony-tpc/drawee-text-view,,0,0,2025-02-22T23:44:18.874+08:00
4367344,FloatingActionButton,OpenHarmony-TPC / FloatingActionButton,https://gitcode.com/openharmony-tpc/FloatingActionButton,,0,0,2025-02-22T23:44:17.236+08:00
4367341,TakePhoto,OpenHarmony-TPC / TakePhoto,https://gitcode.com/openharmony-tpc/TakePhoto,,0,0,2025-02-22T23:44:15.690+08:00
4367337,NavigationTabBar,OpenHarmony-TPC / NavigationTabBar,https://gitcode.com/openharmony-tpc/NavigationTabBar,,0,0,2025-02-22T23:44:14.125+08:00
4367332,flexbox-layout,OpenHarmony-TPC / flexbox-layout,https://gitcode.com/openharmony-tpc/flexbox-layout,,0,0,2025-02-22T23:44:12.494+08:00
4367326,chuck,OpenHarmony-TPC / chuck,https://gitcode.com/openharmony-tpc/chuck,,0,0,2025-02-22T23:44:10.914+08:00
4367321,ohos-gif-drawable,OpenHarmony-TPC / ohos-gif-drawable,https://gitcode.com/openharmony-tpc/ohos-gif-drawable,,0,0,2025-02-22T23:44:09.239+08:00
4367317,Activeohos,OpenHarmony-TPC / Activeohos,https://gitcode.com/openharmony-tpc/Activeohos,,0,0,2025-02-22T23:44:07.621+08:00
4367314,picasso,OpenHarmony-TPC / picasso,https://gitcode.com/openharmony-tpc/picasso,,0,0,2025-02-22T23:44:05.996+08:00
4367308,otto,OpenHarmony-TPC / otto,https://gitcode.com/openharmony-tpc/otto,,0,0,2025-02-22T23:44:04.462+08:00
4367304,RxLifeCycle,OpenHarmony-TPC / RxLifeCycle,https://gitcode.com/openharmony-tpc/RxLifeCycle,,0,0,2025-02-22T23:44:02.798+08:00
4367299,ohosSlidingUpPanel,OpenHarmony-TPC / ohosSlidingUpPanel,https://gitcode.com/openharmony-tpc/ohosSlidingUpPanel,,0,0,2025-02-22T23:44:01.053+08:00
4367295,RoundedImageView,OpenHarmony-TPC / RoundedImageView,https://gitcode.com/openharmony-tpc/RoundedImageView,,0,0,2025-02-22T23:43:59.438+08:00
4367290,Fragmentation,OpenHarmony-TPC / Fragmentation,https://gitcode.com/openharmony-tpc/Fragmentation,,0,0,2025-02-22T23:43:57.864+08:00
4367286,soundtouch,OpenHarmony-TPC / soundtouch,https://gitcode.com/openharmony-tpc/soundtouch,,0,0,2025-02-22T23:43:56.257+08:00
4367280,ohos-utilset,OpenHarmony-TPC / ohos-utilset,https://gitcode.com/openharmony-tpc/ohos-utilset,,0,0,2025-02-22T23:43:54.610+08:00
4367275,jcodec,OpenHarmony-TPC / jcodec,https://gitcode.com/openharmony-tpc/jcodec,,0,0,2025-02-22T23:43:52.983+08:00
4367270,FloatingGroupExpandableListView,OpenHarmony-TPC / FloatingGroupExpandableListView,https://gitcode.com/openharmony-tpc/FloatingGroupExpandableListView,,0,0,2025-02-22T23:43:51.233+08:00
4367265,triangle-view,OpenHarmony-TPC / triangle-view,https://gitcode.com/openharmony-tpc/triangle-view,,0,0,2025-02-22T23:43:49.572+08:00
4367259,SlidingDrawer,OpenHarmony-TPC / SlidingDrawer,https://gitcode.com/openharmony-tpc/SlidingDrawer,,0,0,2025-02-22T23:43:47.851+08:00
4367254,google-http-java-client,OpenHarmony-TPC / google-http-java-client,https://gitcode.com/openharmony-tpc/google-http-java-client,,0,0,2025-02-22T23:43:46.247+08:00
4367249,ohos-Universal-Image-Loader,OpenHarmony-TPC / ohos-Universal-Image-Loader,https://gitcode.com/openharmony-tpc/ohos-Universal-Image-Loader,,0,0,2025-02-22T23:43:44.513+08:00
4367243,ohos-async-http,OpenHarmony-TPC / ohos-async-http,https://gitcode.com/openharmony-tpc/ohos-async-http,,0,0,2025-02-22T23:43:42.825+08:00
4367236,PermissionsDispatcher,OpenHarmony-TPC / PermissionsDispatcher,https://gitcode.com/openharmony-tpc/PermissionsDispatcher,,0,0,2025-02-22T23:43:41.245+08:00
4367230,okhttp-OkGo,OpenHarmony-TPC / okhttp-OkGo,https://gitcode.com/openharmony-tpc/okhttp-OkGo,,0,0,2025-02-22T23:43:39.688+08:00
4367225,RxBinding,OpenHarmony-TPC / RxBinding,https://gitcode.com/openharmony-tpc/RxBinding,,0,0,2025-02-22T23:43:38.084+08:00
4367219,MaterialDesignLibrary,OpenHarmony-TPC / MaterialDesignLibrary,https://gitcode.com/openharmony-tpc/MaterialDesignLibrary,,0,0,2025-02-22T23:43:36.533+08:00
4367212,BottomBar,OpenHarmony-TPC / BottomBar,https://gitcode.com/openharmony-tpc/BottomBar,,0,0,2025-02-22T23:43:34.949+08:00
4367209,agera,OpenHarmony-TPC / agera,https://gitcode.com/openharmony-tpc/agera,,0,0,2025-02-22T23:43:33.461+08:00
4367204,ohosAsync,OpenHarmony-TPC / ohosAsync,https://gitcode.com/openharmony-tpc/ohosAsync,,0,0,2025-02-22T23:43:31.942+08:00
4367199,xUtils3,OpenHarmony-TPC / xUtils3,https://gitcode.com/openharmony-tpc/xUtils3,,0,0,2025-02-22T23:43:30.347+08:00
4367194,Compressor,OpenHarmony-TPC / Compressor,https://gitcode.com/openharmony-tpc/Compressor,,0,0,2025-02-22T23:43:28.780+08:00
4367188,Fast-ohos-Networking,OpenHarmony-TPC / Fast-ohos-Networking,https://gitcode.com/openharmony-tpc/Fast-ohos-Networking,,0,0,2025-02-22T23:43:27.149+08:00
4367183,XPopup,OpenHarmony-TPC / XPopup,https://gitcode.com/openharmony-tpc/XPopup,,0,0,2025-02-22T23:43:25.591+08:00
4367179,UltraViewPager,OpenHarmony-TPC / UltraViewPager,https://gitcode.com/openharmony-tpc/UltraViewPager,,0,0,2025-02-22T23:43:24.004+08:00
4367175,cardslib,OpenHarmony-TPC / cardslib,https://gitcode.com/openharmony-tpc/cardslib,,0,0,2025-02-22T23:43:22.407+08:00
4367172,Dexter,OpenHarmony-TPC / Dexter,https://gitcode.com/openharmony-tpc/Dexter,,0,0,2025-02-22T23:43:20.896+08:00
4367166,ohos-times-square,OpenHarmony-TPC / ohos-times-square,https://gitcode.com/openharmony-tpc/ohos-times-square,,0,0,2025-02-22T23:43:19.241+08:00
4367161,RushOrm,OpenHarmony-TPC / RushOrm,https://gitcode.com/openharmony-tpc/RushOrm,,0,0,2025-02-22T23:43:17.621+08:00
4367157,assertj-ohos,OpenHarmony-TPC / assertj-ohos,https://gitcode.com/openharmony-tpc/assertj-ohos,,0,0,2025-02-22T23:43:16.032+08:00
4367154,TheMVP,OpenHarmony-TPC / TheMVP,https://gitcode.com/openharmony-tpc/TheMVP,,0,0,2025-02-22T23:41:23.045+08:00
4367149,AppIntro,OpenHarmony-TPC / AppIntro,https://gitcode.com/openharmony-tpc/AppIntro,,0,0,2025-02-22T23:43:14.351+08:00
4367146,FileDownloader,OpenHarmony-TPC / FileDownloader,https://gitcode.com/openharmony-tpc/FileDownloader,,0,0,2025-02-22T23:43:12.688+08:00
4367142,sweet-alert-dialog,OpenHarmony-TPC / sweet-alert-dialog,https://gitcode.com/openharmony-tpc/sweet-alert-dialog,,0,0,2025-02-22T23:43:11.100+08:00
4367138,subsampling-scale-image-view,OpenHarmony-TPC / subsampling-scale-image-view,https://gitcode.com/openharmony-tpc/subsampling-scale-image-view,,0,0,2025-02-22T23:43:09.492+08:00
4367134,MaterialEditText,OpenHarmony-TPC / MaterialEditText,https://gitcode.com/openharmony-tpc/MaterialEditText,,0,0,2025-02-22T23:43:07.831+08:00
4367131,circular-progress-button,OpenHarmony-TPC / circular-progress-button,https://gitcode.com/openharmony-tpc/circular-progress-button,,0,0,2025-02-22T23:43:06.111+08:00
4367127,XRecyclerView,OpenHarmony-TPC / XRecyclerView,https://gitcode.com/openharmony-tpc/XRecyclerView,,0,0,2025-02-22T23:43:04.480+08:00
4367123,ImagePicker,OpenHarmony-TPC / ImagePicker,https://gitcode.com/openharmony-tpc/ImagePicker,,0,0,2025-02-22T23:43:02.953+08:00
4367119,device-year-class,OpenHarmony-TPC / device-year-class,https://gitcode.com/openharmony-tpc/device-year-class,,0,0,2025-02-22T23:43:01.384+08:00
4367116,LitePal,OpenHarmony-TPC / LitePal,https://gitcode.com/openharmony-tpc/LitePal,,0,0,2025-02-22T23:42:59.877+08:00
4367111,discreteSeekBar,OpenHarmony-TPC / discreteSeekBar,https://gitcode.com/openharmony-tpc/discreteSeekBar,,0,0,2025-02-22T23:42:58.226+08:00
4367107,materialish-progress,OpenHarmony-TPC / materialish-progress,https://gitcode.com/openharmony-tpc/materialish-progress,,0,0,2025-02-22T23:42:56.619+08:00
4367104,RippleEffect,OpenHarmony-TPC / RippleEffect,https://gitcode.com/openharmony-tpc/RippleEffect,,0,0,2025-02-22T23:42:55.017+08:00
4367100,BottomNavigation,OpenHarmony-TPC / BottomNavigation,https://gitcode.com/openharmony-tpc/BottomNavigation,,0,0,2025-02-22T23:42:53.356+08:00
4367095,ahbottomnavigation,OpenHarmony-TPC / ahbottomnavigation,https://gitcode.com/openharmony-tpc/ahbottomnavigation,,0,0,2025-02-22T23:42:51.689+08:00
4367092,Swipecards,OpenHarmony-TPC / Swipecards,https://gitcode.com/openharmony-tpc/Swipecards,,0,0,2025-02-22T23:42:50.049+08:00
4367089,SlideUp-ohos,OpenHarmony-TPC / SlideUp-ohos,https://gitcode.com/openharmony-tpc/SlideUp-ohos,,0,0,2025-02-22T23:42:48.394+08:00
4367084,MetaballLoading,OpenHarmony-TPC / MetaballLoading,https://gitcode.com/openharmony-tpc/MetaballLoading,,0,0,2025-02-22T23:42:46.746+08:00
4367079,EazeGraph,OpenHarmony-TPC / EazeGraph,https://gitcode.com/openharmony-tpc/EazeGraph,,0,0,2025-02-22T23:42:45.142+08:00
4367076,WheelView,OpenHarmony-TPC / WheelView,https://gitcode.com/openharmony-tpc/WheelView,,0,0,2025-02-22T23:42:43.540+08:00
4367073,ohos-HoloCircularProgressBar,OpenHarmony-TPC / ohos-HoloCircularProgressBar,https://gitcode.com/openharmony-tpc/ohos-HoloCircularProgressBar,,0,0,2025-02-22T23:42:41.603+08:00
4367067,PullToZoomInListView,OpenHarmony-TPC / PullToZoomInListView,https://gitcode.com/openharmony-tpc/PullToZoomInListView,,0,0,2025-02-22T23:42:39.979+08:00
4367062,circular-music-progressbar,OpenHarmony-TPC / circular-music-progressbar,https://gitcode.com/openharmony-tpc/circular-music-progressbar,,0,0,2025-02-22T23:42:38.249+08:00
4367056,RulerView,OpenHarmony-TPC / RulerView,https://gitcode.com/openharmony-tpc/RulerView,,0,0,2025-02-22T23:42:36.623+08:00
4367051,progressbutton,OpenHarmony-TPC / progressbutton,https://gitcode.com/openharmony-tpc/progressbutton,,0,0,2025-02-22T23:42:35.082+08:00
4367046,SectorProgressView,OpenHarmony-TPC / SectorProgressView,https://gitcode.com/openharmony-tpc/SectorProgressView,,0,0,2025-02-22T23:42:33.471+08:00
4367042,ParallaxViewPager,OpenHarmony-TPC / ParallaxViewPager,https://gitcode.com/openharmony-tpc/ParallaxViewPager,,0,0,2025-02-22T23:41:24.643+08:00
4367036,MultiCardMenu,OpenHarmony-TPC / MultiCardMenu,https://gitcode.com/openharmony-tpc/MultiCardMenu,,0,0,2025-02-22T23:42:31.755+08:00
4367030,DividerDrawable,OpenHarmony-TPC / DividerDrawable,https://gitcode.com/openharmony-tpc/DividerDrawable,,0,0,2025-02-22T23:42:30.128+08:00
4367024,XEditText,OpenHarmony-TPC / XEditText,https://gitcode.com/openharmony-tpc/XEditText,,0,0,2025-02-22T23:42:28.575+08:00
4367020,ProtractorView,OpenHarmony-TPC / ProtractorView,https://gitcode.com/openharmony-tpc/ProtractorView,,0,0,2025-02-22T23:42:27.063+08:00
4367016,ohos-ExpandIcon,OpenHarmony-TPC / ohos-ExpandIcon,https://gitcode.com/openharmony-tpc/ohos-ExpandIcon,,0,0,2025-02-22T23:42:25.433+08:00
4367009,PloyFun,OpenHarmony-TPC / PloyFun,https://gitcode.com/openharmony-tpc/PloyFun,,0,0,2025-02-22T23:42:23.796+08:00
4367003,HorizontalPicker,OpenHarmony-TPC / HorizontalPicker,https://gitcode.com/openharmony-tpc/HorizontalPicker,,0,0,2025-02-22T23:42:22.035+08:00
4366996,GestureLock,OpenHarmony-TPC / GestureLock,https://gitcode.com/openharmony-tpc/GestureLock,,0,0,2025-02-22T23:42:20.373+08:00
4366992,williamchart,OpenHarmony-TPC / williamchart,https://gitcode.com/openharmony-tpc/williamchart,,0,0,2025-02-22T23:42:18.794+08:00
4366989,ohos-Spinkit,OpenHarmony-TPC / ohos-Spinkit,https://gitcode.com/openharmony-tpc/ohos-Spinkit,,0,0,2025-02-22T23:42:17.144+08:00
4366986,Keyframes,OpenHarmony-TPC / Keyframes,https://gitcode.com/openharmony-tpc/Keyframes,,0,0,2025-02-22T23:42:15.626+08:00
4366983,CountdownView,OpenHarmony-TPC / CountdownView,https://gitcode.com/openharmony-tpc/CountdownView,,0,0,2025-02-22T23:42:14.082+08:00
4366978,labelview,OpenHarmony-TPC / labelview,https://gitcode.com/openharmony-tpc/labelview,,0,0,2025-02-22T23:42:12.484+08:00
4366973,Alerter,OpenHarmony-TPC / Alerter,https://gitcode.com/openharmony-tpc/Alerter,,0,0,2025-02-22T23:42:10.876+08:00
4366970,swipe,OpenHarmony-TPC / swipe,https://gitcode.com/openharmony-tpc/swipe,,0,0,2025-02-22T23:42:09.420+08:00
4366967,PatternLockView,OpenHarmony-TPC / PatternLockView,https://gitcode.com/openharmony-tpc/PatternLockView,,0,0,2025-02-22T23:42:07.865+08:00
4366961,BadgeView,OpenHarmony-TPC / BadgeView,https://gitcode.com/openharmony-tpc/BadgeView,,0,0,2025-02-22T23:42:06.292+08:00
4366958,MZBannerView,OpenHarmony-TPC / MZBannerView,https://gitcode.com/openharmony-tpc/MZBannerView,,0,0,2025-02-22T23:42:04.697+08:00
4366954,SwitchButton,OpenHarmony-TPC / SwitchButton,https://gitcode.com/openharmony-tpc/SwitchButton,,0,0,2025-02-22T23:42:03.150+08:00
4366949,SlantedTextView,OpenHarmony-TPC / SlantedTextView,https://gitcode.com/openharmony-tpc/SlantedTextView,,0,0,2025-02-22T23:42:01.504+08:00
4366946,GoodView,OpenHarmony-TPC / GoodView,https://gitcode.com/openharmony-tpc/GoodView,,0,0,2025-02-22T23:41:59.988+08:00
4366943,xLog,OpenHarmony-TPC / xLog,https://gitcode.com/openharmony-tpc/xLog,,0,0,2025-02-22T23:41:58.473+08:00
4366939,LoadingView,OpenHarmony-TPC / LoadingView,https://gitcode.com/openharmony-tpc/LoadingView,,0,0,2025-02-22T23:41:56.845+08:00
4366935,StatefulLayout,OpenHarmony-TPC / StatefulLayout,https://gitcode.com/openharmony-tpc/StatefulLayout,,0,0,2025-02-22T23:41:55.177+08:00
4366931,desertplaceholder,OpenHarmony-TPC / desertplaceholder,https://gitcode.com/openharmony-tpc/desertplaceholder,,0,0,2025-02-22T23:41:53.463+08:00
4366928,Sequent,OpenHarmony-TPC / Sequent,https://gitcode.com/openharmony-tpc/Sequent,,0,0,2025-02-22T23:41:51.920+08:00
4366924,LikeSinaSportProgress,OpenHarmony-TPC / LikeSinaSportProgress,https://gitcode.com/openharmony-tpc/LikeSinaSportProgress,,0,0,2025-02-22T23:41:50.293+08:00
4366919,FlycoPageIndicator,OpenHarmony-TPC / FlycoPageIndicator,https://gitcode.com/openharmony-tpc/FlycoPageIndicator,,0,0,2025-02-22T23:41:48.748+08:00
4366916,SCViewPager,OpenHarmony-TPC / SCViewPager,https://gitcode.com/openharmony-tpc/SCViewPager,,0,0,2025-02-22T23:41:47.173+08:00
4366912,TriangleLabelView,OpenHarmony-TPC / TriangleLabelView,https://gitcode.com/openharmony-tpc/TriangleLabelView,,0,0,2025-02-22T23:41:45.564+08:00
4366908,ContinuousScrollableImageView,OpenHarmony-TPC / ContinuousScrollableImageView,https://gitcode.com/openharmony-tpc/ContinuousScrollableImageView,,0,0,2025-02-22T23:41:43.829+08:00
4366905,CompressHelper,OpenHarmony-TPC / CompressHelper,https://gitcode.com/openharmony-tpc/CompressHelper,,0,0,2025-02-22T23:41:42.246+08:00
4366902,LovelyDialog,OpenHarmony-TPC / LovelyDialog,https://gitcode.com/openharmony-tpc/LovelyDialog,,0,0,2025-02-22T23:41:40.638+08:00
4366898,StatusView,OpenHarmony-TPC / StatusView,https://gitcode.com/openharmony-tpc/StatusView,,0,0,2025-02-22T23:41:39.037+08:00
4366892,MaterialBadgeTextView,OpenHarmony-TPC / MaterialBadgeTextView,https://gitcode.com/openharmony-tpc/MaterialBadgeTextView,,0,0,2025-02-22T23:41:37.375+08:00
4366886,CameraView,OpenHarmony-TPC / CameraView,https://gitcode.com/openharmony-tpc/CameraView,,0,0,2025-02-22T23:41:35.746+08:00
4366882,ohos-Views,OpenHarmony-TPC / ohos-Views,https://gitcode.com/openharmony-tpc/ohos-Views,,0,0,2025-02-22T23:41:34.210+08:00
4366876,WaveSideBar,OpenHarmony-TPC / WaveSideBar,https://gitcode.com/openharmony-tpc/WaveSideBar,,0,0,2025-02-22T23:41:32.719+08:00
4366869,SwipeActionAdapter,OpenHarmony-TPC / SwipeActionAdapter,https://gitcode.com/openharmony-tpc/SwipeActionAdapter,,0,0,2025-02-22T23:41:31.061+08:00
4366862,PRDownloader,OpenHarmony-TPC / PRDownloader,https://gitcode.com/openharmony-tpc/PRDownloader,,0,0,2025-02-22T23:41:29.522+08:00
4366858,CookieBar,OpenHarmony-TPC / CookieBar,https://gitcode.com/openharmony-tpc/CookieBar,,0,0,2025-02-22T23:41:27.869+08:00
4366855,ReadMoreTextView,OpenHarmony-TPC / ReadMoreTextView,https://gitcode.com/openharmony-tpc/ReadMoreTextView,,0,0,2025-02-22T23:41:26.285+08:00
4366852,BezierMaker,OpenHarmony-TPC / BezierMaker,https://gitcode.com/openharmony-tpc/BezierMaker,,0,0,2025-02-22T23:41:21.494+08:00
4366849,SlideSwitch,OpenHarmony-TPC / SlideSwitch,https://gitcode.com/openharmony-tpc/SlideSwitch,,0,0,2025-02-22T23:41:19.827+08:00
4366844,rx-preferences,OpenHarmony-TPC / rx-preferences,https://gitcode.com/openharmony-tpc/rx-preferences,,0,0,2025-02-22T23:41:18.192+08:00
4366840,StateViews,OpenHarmony-TPC / StateViews,https://gitcode.com/openharmony-tpc/StateViews,,0,0,2025-02-22T23:41:16.527+08:00
4366837,WaveView,OpenHarmony-TPC / WaveView,https://gitcode.com/openharmony-tpc/WaveView,,0,0,2025-02-22T23:41:15.010+08:00
4366833,FancyToast-ohos,OpenHarmony-TPC / FancyToast-ohos,https://gitcode.com/openharmony-tpc/FancyToast-ohos,,0,0,2025-02-22T23:41:13.335+08:00
4366828,ohosAutoLayout,OpenHarmony-TPC / ohosAutoLayout,https://gitcode.com/openharmony-tpc/ohosAutoLayout,,0,0,2025-02-22T23:41:11.775+08:00
4366825,network-connection-class,OpenHarmony-TPC / network-connection-class,https://gitcode.com/openharmony-tpc/network-connection-class,,0,0,2025-02-22T23:41:10.155+08:00
4366821,preferencebinder,OpenHarmony-TPC / preferencebinder,https://gitcode.com/openharmony-tpc/preferencebinder,,0,0,2025-02-22T23:41:08.616+08:00
4366817,ImageCoverFlow,OpenHarmony-TPC / ImageCoverFlow,https://gitcode.com/openharmony-tpc/ImageCoverFlow,,0,0,2025-02-22T23:41:06.941+08:00
4366814,yoga,OpenHarmony-TPC / yoga,https://gitcode.com/openharmony-tpc/yoga,,0,0,2025-02-22T23:41:05.445+08:00
4366811,TinyPinyin,OpenHarmony-TPC / TinyPinyin,https://gitcode.com/openharmony-tpc/TinyPinyin,,0,0,2025-02-22T23:41:03.957+08:00
4366807,ThinDownloadManager,OpenHarmony-TPC / ThinDownloadManager,https://gitcode.com/openharmony-tpc/ThinDownloadManager,,0,0,2025-02-22T23:41:02.340+08:00
4366803,WhorlView,OpenHarmony-TPC / WhorlView,https://gitcode.com/openharmony-tpc/WhorlView,,0,0,2025-02-22T23:41:00.611+08:00
4366799,openharmony_tpc_docs,OpenHarmony-TPC / openharmony_tpc_docs,https://gitcode.com/openharmony-tpc/openharmony_tpc_docs,,0,0,2025-02-22T23:40:59.030+08:00
4366795,Anadea_RxBus,OpenHarmony-TPC / Anadea_RxBus,https://gitcode.com/openharmony-tpc/Anadea_RxBus,,0,0,2025-02-22T23:40:57.475+08:00
4366791,Gloading,OpenHarmony-TPC / Gloading,https://gitcode.com/openharmony-tpc/Gloading,,0,0,2025-02-22T23:40:55.883+08:00
4366787,TimetableView,OpenHarmony-TPC / TimetableView,https://gitcode.com/openharmony-tpc/TimetableView,,0,0,2025-02-22T23:40:54.271+08:00
4366784,ohos-shapeLoadingView,OpenHarmony-TPC / ohos-shapeLoadingView,https://gitcode.com/openharmony-tpc/ohos-shapeLoadingView,,0,0,2025-02-22T23:40:52.670+08:00
4366779,MagicProgressWidget,OpenHarmony-TPC / MagicProgressWidget,https://gitcode.com/openharmony-tpc/MagicProgressWidget,,0,0,2025-02-22T23:40:50.937+08:00
4366775,CalendarListview,OpenHarmony-TPC / CalendarListview,https://gitcode.com/openharmony-tpc/CalendarListview,,0,0,2025-02-22T23:40:49.304+08:00
4366772,okdownload,OpenHarmony-TPC / okdownload,https://gitcode.com/openharmony-tpc/okdownload,,0,0,2025-02-22T23:40:47.766+08:00
4366769,MultipleStatusView,OpenHarmony-TPC / MultipleStatusView,https://gitcode.com/openharmony-tpc/MultipleStatusView,,0,0,2025-02-22T23:40:46.100+08:00
4366764,NoHttp,OpenHarmony-TPC / NoHttp,https://gitcode.com/openharmony-tpc/NoHttp,,0,0,2025-02-22T23:40:44.580+08:00
4366760,Highlight,OpenHarmony-TPC / Highlight,https://gitcode.com/openharmony-tpc/Highlight,,0,0,2025-02-22T23:40:43.013+08:00
4366757,SlideshowToolbar,OpenHarmony-TPC / SlideshowToolbar,https://gitcode.com/openharmony-tpc/SlideshowToolbar,,0,0,2025-02-22T23:40:41.386+08:00
4366754,NumberProgressBar,OpenHarmony-TPC / NumberProgressBar,https://gitcode.com/openharmony-tpc/NumberProgressBar,,0,0,2025-02-22T23:40:39.816+08:00
4366749,ShowcaseView,OpenHarmony-TPC / ShowcaseView,https://gitcode.com/openharmony-tpc/ShowcaseView,,0,0,2025-02-22T23:40:38.258+08:00
4366746,SlidingLayout,OpenHarmony-TPC / SlidingLayout,https://gitcode.com/openharmony-tpc/SlidingLayout,,0,0,2025-02-22T23:40:36.707+08:00
4366742,ArcProgressStackView,OpenHarmony-TPC / ArcProgressStackView,https://gitcode.com/openharmony-tpc/ArcProgressStackView,,0,0,2025-02-22T23:40:35.062+08:00
4366738,TextDrawable,OpenHarmony-TPC / TextDrawable,https://gitcode.com/openharmony-tpc/TextDrawable,,0,0,2025-02-22T23:40:33.464+08:00
4366734,AnimatedCircleLoadingView,OpenHarmony-TPC / AnimatedCircleLoadingView,https://gitcode.com/openharmony-tpc/AnimatedCircleLoadingView,,0,0,2025-02-22T23:40:31.768+08:00
4366731,SlideAndDragListView,OpenHarmony-TPC / SlideAndDragListView,https://gitcode.com/openharmony-tpc/SlideAndDragListView,,0,0,2025-02-22T23:40:30.094+08:00
4366727,SwipeBack,OpenHarmony-TPC / SwipeBack,https://gitcode.com/openharmony-tpc/SwipeBack,,0,0,2025-02-22T23:40:28.540+08:00
4366722,DiscreteSlider,OpenHarmony-TPC / DiscreteSlider,https://gitcode.com/openharmony-tpc/DiscreteSlider,,0,0,2025-02-22T23:40:27.009+08:00
4366717,CustomWaterView,OpenHarmony-TPC / CustomWaterView,https://gitcode.com/openharmony-tpc/CustomWaterView,,0,0,2025-02-22T23:40:25.313+08:00
4366713,polygonsview,OpenHarmony-TPC / polygonsview,https://gitcode.com/openharmony-tpc/polygonsview,,0,0,2025-02-22T23:40:23.628+08:00
4366708,TextBannerView,OpenHarmony-TPC / TextBannerView,https://gitcode.com/openharmony-tpc/TextBannerView,,0,0,2025-02-22T23:40:21.999+08:00
4366703,FastBle,OpenHarmony-TPC / FastBle,https://gitcode.com/openharmony-tpc/FastBle,,0,0,2025-02-22T23:40:20.517+08:00
4366698,hawk,OpenHarmony-TPC / hawk,https://gitcode.com/openharmony-tpc/hawk,,0,0,2025-02-22T23:40:18.984+08:00
4366692,LoganSquare,OpenHarmony-TPC / LoganSquare,https://gitcode.com/openharmony-tpc/LoganSquare,,0,0,2025-02-22T23:40:17.432+08:00
4366688,michaelbel_BottomSheet,OpenHarmony-TPC / michaelbel_BottomSheet,https://gitcode.com/openharmony-tpc/michaelbel_BottomSheet,,0,0,2025-02-22T23:40:15.727+08:00
4366684,search-dialog,OpenHarmony-TPC / search-dialog,https://gitcode.com/openharmony-tpc/search-dialog,,0,0,2025-02-22T23:40:14.144+08:00
4366680,LayoutManagerGroup,OpenHarmony-TPC / LayoutManagerGroup,https://gitcode.com/openharmony-tpc/LayoutManagerGroup,,0,0,2025-02-22T23:40:12.523+08:00
4366674,bottomsheet,OpenHarmony-TPC / bottomsheet,https://gitcode.com/openharmony-tpc/bottomsheet,,0,0,2025-02-22T23:40:10.964+08:00
4366670,libyuv,OpenHarmony-TPC / libyuv,https://gitcode.com/openharmony-tpc/libyuv,,0,0,2025-02-22T23:40:09.346+08:00
4366666,material-dialogs,OpenHarmony-TPC / material-dialogs,https://gitcode.com/openharmony-tpc/material-dialogs,,0,0,2025-02-22T23:40:07.771+08:00
4366662,WheelPicker,OpenHarmony-TPC / WheelPicker,https://gitcode.com/openharmony-tpc/WheelPicker,,0,0,2025-02-22T23:40:06.181+08:00
4366656,lock-screen,OpenHarmony-TPC / lock-screen,https://gitcode.com/openharmony-tpc/lock-screen,,0,0,2025-02-22T23:40:04.591+08:00
4366652,Transitions-Everywhere,OpenHarmony-TPC / Transitions-Everywhere,https://gitcode.com/openharmony-tpc/Transitions-Everywhere,,0,0,2025-02-22T23:40:02.965+08:00
4366648,EasySwipeMenuLayout,OpenHarmony-TPC / EasySwipeMenuLayout,https://gitcode.com/openharmony-tpc/EasySwipeMenuLayout,,0,0,2025-02-22T23:40:01.347+08:00
4366644,ohos-flowlayout,OpenHarmony-TPC / ohos-flowlayout,https://gitcode.com/openharmony-tpc/ohos-flowlayout,,0,0,2025-02-22T23:39:59.721+08:00
4366640,floatingsearchview,OpenHarmony-TPC / floatingsearchview,https://gitcode.com/openharmony-tpc/floatingsearchview,,0,0,2025-02-22T23:39:58.170+08:00
4366636,pinned-section-listview,OpenHarmony-TPC / pinned-section-listview,https://gitcode.com/openharmony-tpc/pinned-section-listview,,0,0,2025-02-22T23:39:56.479+08:00
4366630,ExpandableLayout,OpenHarmony-TPC / ExpandableLayout,https://gitcode.com/openharmony-tpc/ExpandableLayout,,0,0,2025-02-22T23:39:54.964+08:00
4366626,AvatarImageView,OpenHarmony-TPC / AvatarImageView,https://gitcode.com/openharmony-tpc/AvatarImageView,,0,0,2025-02-22T23:39:53.347+08:00
4366622,SmoothProgressBar,OpenHarmony-TPC / SmoothProgressBar,https://gitcode.com/openharmony-tpc/SmoothProgressBar,,0,0,2025-02-22T23:39:51.698+08:00
4366618,HeaderAndFooterRecyclerView,OpenHarmony-TPC / HeaderAndFooterRecyclerView,https://gitcode.com/openharmony-tpc/HeaderAndFooterRecyclerView,,0,0,2025-02-22T23:39:50.026+08:00
4366612,MultiType,OpenHarmony-TPC / MultiType,https://gitcode.com/openharmony-tpc/MultiType,,0,0,2025-02-22T23:39:48.494+08:00
4366608,StickyListHeaders,OpenHarmony-TPC / StickyListHeaders,https://gitcode.com/openharmony-tpc/StickyListHeaders,,0,0,2025-02-22T23:39:46.848+08:00
4366603,CustomActivityOnCrash,OpenHarmony-TPC / CustomActivityOnCrash,https://gitcode.com/openharmony-tpc/CustomActivityOnCrash,,0,0,2025-02-22T23:39:45.196+08:00
4366598,ProgressPieView,OpenHarmony-TPC / ProgressPieView,https://gitcode.com/openharmony-tpc/ProgressPieView,,0,0,2025-02-22T23:39:43.654+08:00
4366594,tray,OpenHarmony-TPC / tray,https://gitcode.com/openharmony-tpc/tray,,0,0,2025-02-22T23:39:42.087+08:00
4366590,FlycoRoundView,OpenHarmony-TPC / FlycoRoundView,https://gitcode.com/openharmony-tpc/FlycoRoundView,,0,0,2025-02-22T23:39:40.451+08:00
4366585,Ratingbar,OpenHarmony-TPC / Ratingbar,https://gitcode.com/openharmony-tpc/Ratingbar,,0,0,2025-02-22T23:39:38.926+08:00
4366579,ohos-validation-komensky,OpenHarmony-TPC / ohos-validation-komensky,https://gitcode.com/openharmony-tpc/ohos-validation-komensky,,0,0,2025-02-22T23:39:37.304+08:00
4366575,ormlite-ohos,OpenHarmony-TPC / ormlite-ohos,https://gitcode.com/openharmony-tpc/ormlite-ohos,,0,0,2025-02-22T23:39:35.695+08:00
4366571,SystemBarTint,OpenHarmony-TPC / SystemBarTint,https://gitcode.com/openharmony-tpc/SystemBarTint,,0,0,2025-02-22T23:39:34.119+08:00
4366566,ohos-viewbadger,OpenHarmony-TPC / ohos-viewbadger,https://gitcode.com/openharmony-tpc/ohos-viewbadger,,0,0,2025-02-22T23:39:32.458+08:00
4366561,Parceler,OpenHarmony-TPC / Parceler,https://gitcode.com/openharmony-tpc/Parceler,,0,0,2025-02-22T23:39:30.815+08:00
4366555,ReLinker,OpenHarmony-TPC / ReLinker,https://gitcode.com/openharmony-tpc/ReLinker,,0,0,2025-02-22T23:39:29.274+08:00
4366551,CoreProgress,OpenHarmony-TPC / CoreProgress,https://gitcode.com/openharmony-tpc/CoreProgress,,0,0,2025-02-22T23:39:27.683+08:00
4366546,RxScreenshotDetector,OpenHarmony-TPC / RxScreenshotDetector,https://gitcode.com/openharmony-tpc/RxScreenshotDetector,,0,0,2025-02-22T23:39:26.004+08:00
4366543,Leonids,OpenHarmony-TPC / Leonids,https://gitcode.com/openharmony-tpc/Leonids,,0,0,2025-02-22T23:39:24.483+08:00
4366539,ReactiveNetwork,OpenHarmony-TPC / ReactiveNetwork,https://gitcode.com/openharmony-tpc/ReactiveNetwork,,0,0,2025-02-22T23:39:22.903+08:00
4366532,CircularProgressView,OpenHarmony-TPC / CircularProgressView,https://gitcode.com/openharmony-tpc/CircularProgressView,,0,0,2025-02-22T23:39:21.315+08:00
4366528,ticker,OpenHarmony-TPC / ticker,https://gitcode.com/openharmony-tpc/ticker,,0,0,2025-02-22T23:39:19.822+08:00
4366524,seismic,OpenHarmony-TPC / seismic,https://gitcode.com/openharmony-tpc/seismic,,0,0,2025-02-22T23:39:18.214+08:00
4366517,AutoDispose,OpenHarmony-TPC / AutoDispose,https://gitcode.com/openharmony-tpc/AutoDispose,,0,0,2025-02-22T23:39:16.582+08:00
4366512,ohos-database-sqlcipher,OpenHarmony-TPC / ohos-database-sqlcipher,https://gitcode.com/openharmony-tpc/ohos-database-sqlcipher,,0,0,2025-02-22T23:39:14.937+08:00
4366507,BottomDialog,OpenHarmony-TPC / BottomDialog,https://gitcode.com/openharmony-tpc/BottomDialog,,0,0,2025-02-22T23:39:13.433+08:00
4366500,AnimationEasingFunctions,OpenHarmony-TPC / AnimationEasingFunctions,https://gitcode.com/openharmony-tpc/AnimationEasingFunctions,,0,0,2025-02-22T23:39:11.809+08:00
4366496,MultiWaveHeader,OpenHarmony-TPC / MultiWaveHeader,https://gitcode.com/openharmony-tpc/MultiWaveHeader,,0,0,2025-02-22T23:39:10.253+08:00
4366490,CountAnimationTextView,OpenHarmony-TPC / CountAnimationTextView,https://gitcode.com/openharmony-tpc/CountAnimationTextView,,0,0,2025-02-22T23:39:08.648+08:00
4366483,CircleView,OpenHarmony-TPC / CircleView,https://gitcode.com/openharmony-tpc/CircleView,,0,0,2025-02-22T23:39:07.079+08:00
4366477,ButtonProgressBar,OpenHarmony-TPC / ButtonProgressBar,https://gitcode.com/openharmony-tpc/ButtonProgressBar,,0,0,2025-02-22T23:39:05.423+08:00
4366471,ProgressView,OpenHarmony-TPC / ProgressView,https://gitcode.com/openharmony-tpc/ProgressView,,0,0,2025-02-22T23:39:03.869+08:00
4366467,PercentageChartView,OpenHarmony-TPC / PercentageChartView,https://gitcode.com/openharmony-tpc/PercentageChartView,,0,0,2025-02-22T23:39:02.182+08:00
4366462,DatePicker,OpenHarmony-TPC / DatePicker,https://gitcode.com/openharmony-tpc/DatePicker,,0,0,2025-02-22T23:39:00.560+08:00
4366458,SwipeCardView,OpenHarmony-TPC / SwipeCardView,https://gitcode.com/openharmony-tpc/SwipeCardView,,0,0,2025-02-22T23:38:58.926+08:00
4366453,ValueCounter,OpenHarmony-TPC / ValueCounter,https://gitcode.com/openharmony-tpc/ValueCounter,,0,0,2025-02-22T23:38:57.293+08:00
4366448,MyLittleCanvas,OpenHarmony-TPC / MyLittleCanvas,https://gitcode.com/openharmony-tpc/MyLittleCanvas,,0,0,2025-02-22T23:38:55.625+08:00
4366445,DragScaleCircleView,OpenHarmony-TPC / DragScaleCircleView,https://gitcode.com/openharmony-tpc/DragScaleCircleView,,0,0,2025-02-22T23:38:53.955+08:00
4366441,CircularFillableLoaders,OpenHarmony-TPC / CircularFillableLoaders,https://gitcode.com/openharmony-tpc/CircularFillableLoaders,,0,0,2025-02-22T23:38:52.268+08:00
4366435,SpinMenu,OpenHarmony-TPC / SpinMenu,https://gitcode.com/openharmony-tpc/SpinMenu,,0,0,2025-02-22T23:38:50.710+08:00
4366429,ohos-animated-menu-items,OpenHarmony-TPC / ohos-animated-menu-items,https://gitcode.com/openharmony-tpc/ohos-animated-menu-items,,0,0,2025-02-22T23:38:49.007+08:00
4366423,DraggableView,OpenHarmony-TPC / DraggableView,https://gitcode.com/openharmony-tpc/DraggableView,,0,0,2025-02-22T23:38:47.402+08:00
4366419,slideview,OpenHarmony-TPC / slideview,https://gitcode.com/openharmony-tpc/slideview,,0,0,2025-02-22T23:38:45.798+08:00
4366414,BubbleLayout,OpenHarmony-TPC / BubbleLayout,https://gitcode.com/openharmony-tpc/BubbleLayout,,0,0,2025-02-22T23:38:44.168+08:00
4366409,BottomNavigationViewEx,OpenHarmony-TPC / BottomNavigationViewEx,https://gitcode.com/openharmony-tpc/BottomNavigationViewEx,,0,0,2025-02-22T23:38:42.525+08:00
4366404,cropper,OpenHarmony-TPC / cropper,https://gitcode.com/openharmony-tpc/cropper,,0,0,2025-02-22T23:38:41.012+08:00
4366400,webp-ohos,OpenHarmony-TPC / webp-ohos,https://gitcode.com/openharmony-tpc/webp-ohos,,0,0,2025-02-22T23:38:39.445+08:00
4366396,CircleProgress,OpenHarmony-TPC / CircleProgress,https://gitcode.com/openharmony-tpc/CircleProgress,,0,0,2025-02-22T23:38:37.807+08:00
4366390,ohosMP3Recorder,OpenHarmony-TPC / ohosMP3Recorder,https://gitcode.com/openharmony-tpc/ohosMP3Recorder,,0,0,2025-02-22T23:38:36.209+08:00
4366385,okhttputils,OpenHarmony-TPC / okhttputils,https://gitcode.com/openharmony-tpc/okhttputils,,0,0,2025-02-22T23:38:34.715+08:00
4366381,ohos-slidr,OpenHarmony-TPC / ohos-slidr,https://gitcode.com/openharmony-tpc/ohos-slidr,,0,0,2025-02-22T23:38:33.205+08:00
4366378,CProgressButton,OpenHarmony-TPC / CProgressButton,https://gitcode.com/openharmony-tpc/CProgressButton,,0,0,2025-02-22T23:38:31.661+08:00
4366372,ohos-SwitchView,OpenHarmony-TPC / ohos-SwitchView,https://gitcode.com/openharmony-tpc/ohos-SwitchView,,0,0,2025-02-22T23:38:30.000+08:00
4366368,ohos-NoSql,OpenHarmony-TPC / ohos-NoSql,https://gitcode.com/openharmony-tpc/ohos-NoSql,,0,0,2025-02-22T23:38:28.368+08:00
4366363,material-intro-screen,OpenHarmony-TPC / material-intro-screen,https://gitcode.com/openharmony-tpc/material-intro-screen,,0,0,2025-02-22T23:38:26.752+08:00
4366359,Lichenwei-Dev_ImagePicker,OpenHarmony-TPC / Lichenwei-Dev_ImagePicker,https://gitcode.com/openharmony-tpc/Lichenwei-Dev_ImagePicker,,0,0,2025-02-22T23:38:25.163+08:00
4366355,stefanjauker_BadgeView,OpenHarmony-TPC / stefanjauker_BadgeView,https://gitcode.com/openharmony-tpc/stefanjauker_BadgeView,,0,0,2025-02-22T23:38:23.478+08:00
4366352,Graphview,OpenHarmony-TPC / Graphview,https://gitcode.com/openharmony-tpc/Graphview,,0,0,2025-02-22T23:38:21.954+08:00
4366347,volley,OpenHarmony-TPC / volley,https://gitcode.com/openharmony-tpc/volley,,0,0,2025-02-22T23:38:20.389+08:00
4366341,BlurImageView,OpenHarmony-TPC / BlurImageView,https://gitcode.com/openharmony-tpc/BlurImageView,,0,0,2025-02-22T23:38:18.749+08:00
4366338,CircleProgressBar,OpenHarmony-TPC / CircleProgressBar,https://gitcode.com/openharmony-tpc/CircleProgressBar,,0,0,2025-02-22T23:38:17.034+08:00
4366334,SubmitButton,OpenHarmony-TPC / SubmitButton,https://gitcode.com/openharmony-tpc/SubmitButton,,0,0,2025-02-22T23:38:15.309+08:00
4366329,NineGridImageView,OpenHarmony-TPC / NineGridImageView,https://gitcode.com/openharmony-tpc/NineGridImageView,,0,0,2025-02-22T23:38:13.564+08:00
4366325,FunGameRefresh,OpenHarmony-TPC / FunGameRefresh,https://gitcode.com/openharmony-tpc/FunGameRefresh,,0,0,2025-02-22T23:38:11.926+08:00
4366321,PagerBottomTabStrip,OpenHarmony-TPC / PagerBottomTabStrip,https://gitcode.com/openharmony-tpc/PagerBottomTabStrip,,0,0,2025-02-22T23:38:10.291+08:00
4366316,ohos-ui,OpenHarmony-TPC / ohos-ui,https://gitcode.com/openharmony-tpc/ohos-ui,,0,0,2025-02-22T23:38:08.718+08:00
4366312,PowerMenu,OpenHarmony-TPC / PowerMenu,https://gitcode.com/openharmony-tpc/PowerMenu,,0,0,2025-02-22T23:38:07.080+08:00
4366307,FogView_Library,OpenHarmony-TPC / FogView_Library,https://gitcode.com/openharmony-tpc/FogView_Library,,0,0,2025-02-22T23:38:05.472+08:00
4366302,PercentSmoothHandler,OpenHarmony-TPC / PercentSmoothHandler,https://gitcode.com/openharmony-tpc/PercentSmoothHandler,,0,0,2025-02-22T23:38:03.736+08:00
4366299,FoldableLayout,OpenHarmony-TPC / FoldableLayout,https://gitcode.com/openharmony-tpc/FoldableLayout,,0,0,2025-02-22T23:38:02.153+08:00
4366294,ohosWheelView,OpenHarmony-TPC / ohosWheelView,https://gitcode.com/openharmony-tpc/ohosWheelView,,0,0,2025-02-22T23:38:00.449+08:00
4366288,ohos-drag-FlowLayout,OpenHarmony-TPC / ohos-drag-FlowLayout,https://gitcode.com/openharmony-tpc/ohos-drag-FlowLayout,,0,0,2025-02-22T23:37:58.832+08:00
4366285,ohosSwipeLayout,OpenHarmony-TPC / ohosSwipeLayout,https://gitcode.com/openharmony-tpc/ohosSwipeLayout,,0,0,2025-02-22T23:37:57.239+08:00
4366280,ENViews,OpenHarmony-TPC / ENViews,https://gitcode.com/openharmony-tpc/ENViews,,0,0,2025-02-22T23:37:55.689+08:00
4366276,MaterialRatingBar,OpenHarmony-TPC / MaterialRatingBar,https://gitcode.com/openharmony-tpc/MaterialRatingBar,,0,0,2025-02-22T23:37:54.135+08:00
4366273,ohosTagGroup,OpenHarmony-TPC / ohosTagGroup,https://gitcode.com/openharmony-tpc/ohosTagGroup,,0,0,2025-02-22T23:37:52.492+08:00
4366269,epoxy,OpenHarmony-TPC / epoxy,https://gitcode.com/openharmony-tpc/epoxy,,0,0,2025-02-22T23:37:51.007+08:00
4366263,FFmpeg,OpenHarmony-TPC / FFmpeg,https://gitcode.com/openharmony-tpc/FFmpeg,,0,0,2025-02-22T23:37:49.508+08:00
4366258,ohos-PickerView,OpenHarmony-TPC / ohos-PickerView,https://gitcode.com/openharmony-tpc/ohos-PickerView,,0,0,2025-02-22T23:37:47.910+08:00
4366255,RxCache,OpenHarmony-TPC / RxCache,https://gitcode.com/openharmony-tpc/RxCache,,0,0,2025-02-22T23:37:46.254+08:00
4366251,CircularAnim,OpenHarmony-TPC / CircularAnim,https://gitcode.com/openharmony-tpc/CircularAnim,,0,0,2025-02-22T23:37:44.622+08:00
4366247,Isometric,OpenHarmony-TPC / Isometric,https://gitcode.com/openharmony-tpc/Isometric,,0,0,2025-02-22T23:37:43.073+08:00
4366243,VectorMaster,OpenHarmony-TPC / VectorMaster,https://gitcode.com/openharmony-tpc/VectorMaster,,0,0,2025-02-22T23:37:41.408+08:00
4366238,MaterialTextField,OpenHarmony-TPC / MaterialTextField,https://gitcode.com/openharmony-tpc/MaterialTextField,,0,0,2025-02-22T23:37:39.800+08:00
4366235,TableFixHeaders,OpenHarmony-TPC / TableFixHeaders,https://gitcode.com/openharmony-tpc/TableFixHeaders,,0,0,2025-02-22T23:37:38.144+08:00
4366231,RuntimePermission,OpenHarmony-TPC / RuntimePermission,https://gitcode.com/openharmony-tpc/RuntimePermission,,0,0,2025-02-22T23:37:36.591+08:00
4366227,ohosChangeSkin,OpenHarmony-TPC / ohosChangeSkin,https://gitcode.com/openharmony-tpc/ohosChangeSkin,,0,0,2025-02-22T23:37:35.077+08:00
4366223,GuillotineMenu-ohos,OpenHarmony-TPC / GuillotineMenu-ohos,https://gitcode.com/openharmony-tpc/GuillotineMenu-ohos,,0,0,2025-02-22T23:37:33.468+08:00
4366218,SmileyRating,OpenHarmony-TPC / SmileyRating,https://gitcode.com/openharmony-tpc/SmileyRating,,0,0,2025-02-22T23:37:31.823+08:00
4366215,FocusLayoutManager,OpenHarmony-TPC / FocusLayoutManager,https://gitcode.com/openharmony-tpc/FocusLayoutManager,,0,0,2025-02-22T23:37:30.245+08:00
4366211,DialogV3,OpenHarmony-TPC / DialogV3,https://gitcode.com/openharmony-tpc/DialogV3,,0,0,2025-02-22T23:37:28.647+08:00
4366206,TriStateToggleButton,OpenHarmony-TPC / TriStateToggleButton,https://gitcode.com/openharmony-tpc/TriStateToggleButton,,0,0,2025-02-22T23:37:26.966+08:00
4366202,JazzyViewPager,OpenHarmony-TPC / JazzyViewPager,https://gitcode.com/openharmony-tpc/JazzyViewPager,,0,0,2025-02-22T23:37:25.315+08:00
4366198,CircularProgressDrawable,OpenHarmony-TPC / CircularProgressDrawable,https://gitcode.com/openharmony-tpc/CircularProgressDrawable,,0,0,2025-02-22T23:37:23.699+08:00
4366194,MixtureTextView,OpenHarmony-TPC / MixtureTextView,https://gitcode.com/openharmony-tpc/MixtureTextView,,0,0,2025-02-22T23:37:22.125+08:00
4366191,actual-number-picker,OpenHarmony-TPC / actual-number-picker,https://gitcode.com/openharmony-tpc/actual-number-picker,,0,0,2025-02-22T23:37:20.486+08:00
4366188,openh264,OpenHarmony-TPC / openh264,https://gitcode.com/openharmony-tpc/openh264,,0,0,2025-02-22T23:37:18.945+08:00
4366183,Circle-Progress-View,OpenHarmony-TPC / Circle-Progress-View,https://gitcode.com/openharmony-tpc/Circle-Progress-View,,0,0,2025-02-22T23:37:17.377+08:00
4366178,Louvre,OpenHarmony-TPC / Louvre,https://gitcode.com/openharmony-tpc/Louvre,,0,0,2025-02-22T23:37:15.820+08:00
4366174,Pdfiumohos,OpenHarmony-TPC / Pdfiumohos,https://gitcode.com/openharmony-tpc/Pdfiumohos,,0,0,2025-02-22T23:37:14.293+08:00
4366171,welcome-ohos,OpenHarmony-TPC / welcome-ohos,https://gitcode.com/openharmony-tpc/welcome-ohos,,0,0,2025-02-22T23:37:12.692+08:00
4366167,easy-rating-dialog,OpenHarmony-TPC / easy-rating-dialog,https://gitcode.com/openharmony-tpc/easy-rating-dialog,,0,0,2025-02-22T23:37:11.040+08:00
4366163,HoverTouchView,OpenHarmony-TPC / HoverTouchView,https://gitcode.com/openharmony-tpc/HoverTouchView,,0,0,2025-02-22T23:37:09.371+08:00
4366159,dotted-progress-bar,OpenHarmony-TPC / dotted-progress-bar,https://gitcode.com/openharmony-tpc/dotted-progress-bar,,0,0,2025-02-22T23:37:07.754+08:00
4366155,Springy_Facebook_Rebound,OpenHarmony-TPC / Springy_Facebook_Rebound,https://gitcode.com/openharmony-tpc/Springy_Facebook_Rebound,,0,0,2025-02-22T23:37:06.134+08:00
4366152,H-Ble,OpenHarmony-TPC / H-Ble,https://gitcode.com/openharmony-tpc/H-Ble,,0,0,2025-02-22T23:37:04.616+08:00
4366146,foregroundappchecker,OpenHarmony-TPC / foregroundappchecker,https://gitcode.com/openharmony-tpc/foregroundappchecker,,0,0,2025-02-22T23:37:02.985+08:00
4366141,DateTimeSeer,OpenHarmony-TPC / DateTimeSeer,https://gitcode.com/openharmony-tpc/DateTimeSeer,,0,0,2025-02-22T23:37:01.152+08:00
4366132,TimeSinceTextView,OpenHarmony-TPC / TimeSinceTextView,https://gitcode.com/openharmony-tpc/TimeSinceTextView,,0,0,2025-02-22T23:36:59.539+08:00
4366126,PanningView,OpenHarmony-TPC / PanningView,https://gitcode.com/openharmony-tpc/PanningView,,0,0,2025-02-22T23:36:57.906+08:00
4366121,requery,OpenHarmony-TPC / requery,https://gitcode.com/openharmony-tpc/requery,,0,0,2025-02-22T23:36:56.107+08:00
4366116,sqlite-ohos,OpenHarmony-TPC / sqlite-ohos,https://gitcode.com/openharmony-tpc/sqlite-ohos,,0,0,2025-02-22T23:36:54.533+08:00
4366109,SimplifiedRecyclerview,OpenHarmony-TPC / SimplifiedRecyclerview,https://gitcode.com/openharmony-tpc/SimplifiedRecyclerview,,0,0,2025-02-22T23:36:52.875+08:00
4366105,GlideToast,OpenHarmony-TPC / GlideToast,https://gitcode.com/openharmony-tpc/GlideToast,,0,0,2025-02-22T23:36:51.334+08:00
4366100,RxBackoff,OpenHarmony-TPC / RxBackoff,https://gitcode.com/openharmony-tpc/RxBackoff,,0,0,2025-02-22T23:36:49.725+08:00
4366095,BndrsntchTimer,OpenHarmony-TPC / BndrsntchTimer,https://gitcode.com/openharmony-tpc/BndrsntchTimer,,0,0,2025-02-22T23:36:48.174+08:00
4366092,UltimateBreadcrumbsView,OpenHarmony-TPC / UltimateBreadcrumbsView,https://gitcode.com/openharmony-tpc/UltimateBreadcrumbsView,,0,0,2025-02-22T23:36:46.430+08:00
4366087,MessageView,OpenHarmony-TPC / MessageView,https://gitcode.com/openharmony-tpc/MessageView,,0,0,2025-02-22T23:36:44.834+08:00
4366083,CompoundButtonGroup,OpenHarmony-TPC / CompoundButtonGroup,https://gitcode.com/openharmony-tpc/CompoundButtonGroup,,0,0,2025-02-22T23:36:43.205+08:00
4366077,PrefCompat,OpenHarmony-TPC / PrefCompat,https://gitcode.com/openharmony-tpc/PrefCompat,,0,0,2025-02-22T23:36:41.600+08:00
4366072,ProgressPageIndicator,OpenHarmony-TPC / ProgressPageIndicator,https://gitcode.com/openharmony-tpc/ProgressPageIndicator,,0,0,2025-02-22T23:36:39.962+08:00
4366068,ohos-ffmpeg-java,OpenHarmony-TPC / ohos-ffmpeg-java,https://gitcode.com/openharmony-tpc/ohos-ffmpeg-java,,0,0,2025-02-22T23:36:38.384+08:00
4366062,StackOverView,OpenHarmony-TPC / StackOverView,https://gitcode.com/openharmony-tpc/StackOverView,,0,0,2025-02-22T23:36:36.852+08:00
4366055,LondonEyeLayoutManager,OpenHarmony-TPC / LondonEyeLayoutManager,https://gitcode.com/openharmony-tpc/LondonEyeLayoutManager,,0,0,2025-02-22T23:36:35.212+08:00
4366049,ohos-player,OpenHarmony-TPC / ohos-player,https://gitcode.com/openharmony-tpc/ohos-player,,0,0,2025-02-22T23:36:33.636+08:00
4366043,InfiniteIndicator,OpenHarmony-TPC / InfiniteIndicator,https://gitcode.com/openharmony-tpc/InfiniteIndicator,,0,0,2025-02-22T23:36:30.394+08:00
4366038,SquareMenu,OpenHarmony-TPC / SquareMenu,https://gitcode.com/openharmony-tpc/SquareMenu,,0,0,2025-02-22T23:36:28.818+08:00
4366033,AnimateCheckBox,OpenHarmony-TPC / AnimateCheckBox,https://gitcode.com/openharmony-tpc/AnimateCheckBox,,0,0,2025-02-22T23:36:27.229+08:00
4366027,EasyPrefs,OpenHarmony-TPC / EasyPrefs,https://gitcode.com/openharmony-tpc/EasyPrefs,,0,0,2025-02-22T23:36:25.644+08:00
4366021,LikeButton,OpenHarmony-TPC / LikeButton,https://gitcode.com/openharmony-tpc/LikeButton,,0,0,2025-02-22T23:36:24.072+08:00
4366014,ohos-DecoView-charting,OpenHarmony-TPC / ohos-DecoView-charting,https://gitcode.com/openharmony-tpc/ohos-DecoView-charting,,0,0,2025-02-22T23:36:22.476+08:00
4366008,floatlabelededittext,OpenHarmony-TPC / floatlabelededittext,https://gitcode.com/openharmony-tpc/floatlabelededittext,,0,0,2025-02-22T23:36:20.677+08:00
4366002,ohos-anyshape,OpenHarmony-TPC / ohos-anyshape,https://gitcode.com/openharmony-tpc/ohos-anyshape,,0,0,2025-02-22T23:36:19.024+08:00
4365997,ohos-combination-avatar,OpenHarmony-TPC / ohos-combination-avatar,https://gitcode.com/openharmony-tpc/ohos-combination-avatar,,0,0,2025-02-22T23:36:17.368+08:00
4365989,material-range-bar,OpenHarmony-TPC / material-range-bar,https://gitcode.com/openharmony-tpc/material-range-bar,,0,0,2025-02-22T23:36:15.756+08:00
4365986,ohosFillableLoaders,OpenHarmony-TPC / ohosFillableLoaders,https://gitcode.com/openharmony-tpc/ohosFillableLoaders,,0,0,2025-02-22T23:36:14.105+08:00
4365982,Loading,OpenHarmony-TPC / Loading,https://gitcode.com/openharmony-tpc/Loading,,0,0,2025-02-22T23:36:12.565+08:00
4365978,ohosFlowLayout,OpenHarmony-TPC / ohosFlowLayout,https://gitcode.com/openharmony-tpc/ohosFlowLayout,,0,0,2025-02-22T23:36:10.946+08:00
4365974,FlightSeat,OpenHarmony-TPC / FlightSeat,https://gitcode.com/openharmony-tpc/FlightSeat,,0,0,2025-02-22T23:36:09.255+08:00
4365971,Loop3DRotation,OpenHarmony-TPC / Loop3DRotation,https://gitcode.com/openharmony-tpc/Loop3DRotation,,0,0,2025-02-22T23:36:07.616+08:00
4365966,DashboardView,OpenHarmony-TPC / DashboardView,https://gitcode.com/openharmony-tpc/DashboardView,,0,0,2025-02-22T23:36:05.987+08:00
4365962,circleTimer,OpenHarmony-TPC / circleTimer,https://gitcode.com/openharmony-tpc/circleTimer,,0,0,2025-02-22T23:36:04.315+08:00
4365957,MaterialSpinner,OpenHarmony-TPC / MaterialSpinner,https://gitcode.com/openharmony-tpc/MaterialSpinner,,0,0,2025-02-22T23:36:02.730+08:00
4365954,EasyAdapter,OpenHarmony-TPC / EasyAdapter,https://gitcode.com/openharmony-tpc/EasyAdapter,,0,0,2025-02-22T23:36:01.074+08:00
4365950,DownloadProgressBar,OpenHarmony-TPC / DownloadProgressBar,https://gitcode.com/openharmony-tpc/DownloadProgressBar,,0,0,2025-02-22T23:35:59.429+08:00
4365946,OmRecorder,OpenHarmony-TPC / OmRecorder,https://gitcode.com/openharmony-tpc/OmRecorder,,0,0,2025-02-22T23:35:57.831+08:00
4365941,voice-recording-visualizer,OpenHarmony-TPC / voice-recording-visualizer,https://gitcode.com/openharmony-tpc/voice-recording-visualizer,,0,0,2025-02-22T23:35:56.207+08:00
4365937,loading-dots,OpenHarmony-TPC / loading-dots,https://gitcode.com/openharmony-tpc/loading-dots,,0,0,2025-02-22T23:35:54.624+08:00
4365933,snake,OpenHarmony-TPC / snake,https://gitcode.com/openharmony-tpc/snake,,0,0,2025-02-22T23:35:53.015+08:00
4365928,trianglify,OpenHarmony-TPC / trianglify,https://gitcode.com/openharmony-tpc/trianglify,,0,0,2025-02-22T23:35:51.434+08:00
4365924,DoorSignView,OpenHarmony-TPC / DoorSignView,https://gitcode.com/openharmony-tpc/DoorSignView,,0,0,2025-02-22T23:35:49.793+08:00
4365919,MobileInfo,OpenHarmony-TPC / MobileInfo,https://gitcode.com/openharmony-tpc/MobileInfo,,0,0,2025-02-22T23:35:48.185+08:00
4365911,CreditCardEntry,OpenHarmony-TPC / CreditCardEntry,https://gitcode.com/openharmony-tpc/CreditCardEntry,,0,0,2025-02-22T23:35:46.554+08:00
4365906,worldline_FoldableLayout,OpenHarmony-TPC / worldline_FoldableLayout,https://gitcode.com/openharmony-tpc/worldline_FoldableLayout,,0,0,2025-02-22T23:35:44.875+08:00
4365901,third_party_components_isoftstone,OpenHarmony-TPC / third_party_components_isoftstone,https://gitcode.com/openharmony-tpc/third_party_components_isoftstone,,0,0,2025-02-22T23:35:43.108+08:00
4365893,manifest,OpenHarmony-TPC / manifest,https://gitcode.com/openharmony-tpc/manifest,,4,24,2025-02-22T20:00:26.298+08:00
4365881,VCard,OpenHarmony-TPC / VCard,https://gitcode.com/openharmony-tpc/VCard,VCard是电子名片的文件格式标准。它一般附加在电子邮件之后，但也可以用于其它场合（如在网际网路上相互交换）。,1,4,2025-02-22T23:34:38.824+08:00
4365866,CommonsCompress,OpenHarmony-TPC / CommonsCompress,https://gitcode.com/openharmony-tpc/CommonsCompress,,1,7,2025-02-22T23:27:40.963+08:00
4365852,arouter-api-onActivityResult,OpenHarmony-TPC / arouter-api-onActivityResult,https://gitcode.com/openharmony-tpc/arouter-api-onActivityResult,,0,3,2025-02-22T23:27:07.714+08:00
4365839,MMKV,OpenHarmony-TPC / MMKV,https://gitcode.com/openharmony-tpc/MMKV,,0,1,2025-02-22T23:30:40.784+08:00
4365821,flexsearch-ohos,OpenHarmony-TPC / flexsearch-ohos,https://gitcode.com/openharmony-tpc/flexsearch-ohos,,0,4,2025-02-22T23:29:12.588+08:00
4365807,mixpanel-ohos,OpenHarmony-TPC / mixpanel-ohos,https://gitcode.com/openharmony-tpc/mixpanel-ohos,,0,3,2025-02-22T23:30:39.175+08:00
4365799,rebound,OpenHarmony-TPC / rebound,https://gitcode.com/openharmony-tpc/rebound,,0,7,2025-02-22T23:36:56.961+08:00
4365789,thrift,OpenHarmony-TPC / thrift,https://gitcode.com/openharmony-tpc/thrift,,0,5,2025-02-22T23:34:31.678+08:00
4365778,LargeImage,OpenHarmony-TPC / LargeImage,https://gitcode.com/openharmony-tpc/LargeImage,,0,4,2025-02-22T23:30:09.553+08:00
4365768,XmlGraphicsBatik,OpenHarmony-TPC / XmlGraphicsBatik,https://gitcode.com/openharmony-tpc/XmlGraphicsBatik,,0,5,2025-02-22T23:35:35.631+08:00
4365745,lottieArkTS,OpenHarmony-TPC / lottieArkTS,https://gitcode.com/openharmony-tpc/lottieArkTS,,17,12,2025-02-22T23:30:23.837+08:00
4365709,commons-codec,OpenHarmony-TPC / commons-codec,https://gitcode.com/openharmony-tpc/commons-codec,openharmony系统下使用各种编解码的示例，包含各种格式的简单编码器和解码器。,0,0,2025-02-22T23:27:39.380+08:00
4365693,mp4parser,OpenHarmony-TPC / mp4parser,https://gitcode.com/openharmony-tpc/mp4parser,,5,11,2025-02-22T23:30:45.596+08:00
4365671,zxing,OpenHarmony-TPC / zxing,https://gitcode.com/openharmony-tpc/zxing,,3,4,2025-02-22T23:35:40.756+08:00
4365647,httpclient,OpenHarmony-TPC / httpclient,https://gitcode.com/openharmony-tpc/httpclient,,1,10,2025-02-22T23:29:26.375+08:00
4365618,okio,OpenHarmony-TPC / okio,https://gitcode.com/openharmony-tpc/okio,,0,6,2025-02-22T23:34:13.792+08:00
4365609,retrofit,OpenHarmony-TPC / retrofit,https://gitcode.com/openharmony-tpc/retrofit,,4,5,2025-02-22T23:37:37.904+08:00
4365596,RocketChat,OpenHarmony-TPC / RocketChat,https://gitcode.com/openharmony-tpc/RocketChat,,0,5,2025-02-22T23:37:55.603+08:00
4365575,ImageKnife,OpenHarmony-TPC / ImageKnife,https://gitcode.com/openharmony-tpc/ImageKnife,专门为OpenHarmony打造的一款图像加载缓存库，致力于更高效、更轻便、更简单,42,18,2025-02-22T23:29:31.653+08:00
4365524,commonmark,OpenHarmony-TPC / commonmark,https://gitcode.com/openharmony-tpc/commonmark,,0,4,2025-02-22T23:27:36.046+08:00
4365512,protobuf,OpenHarmony-TPC / protobuf,https://gitcode.com/openharmony-tpc/protobuf,,2,10,2025-02-22T23:36:33.321+08:00
4365496,pdfViewer,OpenHarmony-TPC / pdfViewer,https://gitcode.com/openharmony-tpc/pdfViewer,,0,4,2025-02-22T23:36:15.286+08:00
4365483,opencsv,OpenHarmony-TPC / opencsv,https://gitcode.com/openharmony-tpc/opencsv,,0,7,2025-02-22T23:34:58.743+08:00
4365474,pinyin4js,OpenHarmony-TPC / pinyin4js,https://gitcode.com/openharmony-tpc/pinyin4js,本项目是OpenHarmony系统下使用pinyin4js的示例，pinyin4js是一个汉字转拼音的Javascript开源库。,0,3,2025-02-22T23:36:21.367+08:00
4365463,node-csv,OpenHarmony-TPC / node-csv,https://gitcode.com/openharmony-tpc/node-csv,,0,4,2025-02-22T23:31:14.403+08:00
4365452,OutBoundCode,OpenHarmony-TPC / OutBoundCode,https://gitcode.com/openharmony-tpc/OutBoundCode,,0,0,2025-02-22T23:35:49.227+08:00
4365443,SmartRefrigerator,OpenHarmony-TPC / SmartRefrigerator,https://gitcode.com/openharmony-tpc/SmartRefrigerator,,0,0,2025-02-22T23:39:25.870+08:00
4365434,Verbal_Expressions,OpenHarmony-TPC / Verbal_Expressions,https://gitcode.com/openharmony-tpc/Verbal_Expressions,,0,0,2025-02-22T23:35:22.475+08:00
4365424,SmartWatch_seven,OpenHarmony-TPC / SmartWatch_seven,https://gitcode.com/openharmony-tpc/SmartWatch_seven,,0,0,2025-02-22T23:39:31.671+08:00
4365417,NeumorphismDesign,OpenHarmony-TPC / NeumorphismDesign,https://gitcode.com/openharmony-tpc/NeumorphismDesign,,0,0,2025-02-22T23:31:11.316+08:00
4365410,CircleImage,OpenHarmony-TPC / CircleImage,https://gitcode.com/openharmony-tpc/CircleImage,,0,0,2025-02-22T23:27:24.757+08:00
4365399,MaterialRadio,OpenHarmony-TPC / MaterialRadio,https://gitcode.com/openharmony-tpc/MaterialRadio,,0,0,2025-02-22T23:30:34.564+08:00
4365390,UtilCode,OpenHarmony-TPC / UtilCode,https://gitcode.com/openharmony-tpc/UtilCode,,0,0,2025-02-22T23:34:37.193+08:00
4365379,SmartWatch4,OpenHarmony-TPC / SmartWatch4,https://gitcode.com/openharmony-tpc/SmartWatch4,,0,0,2025-02-22T23:39:37.546+08:00
4365373,MaterialFloatingActionButton,OpenHarmony-TPC / MaterialFloatingActionButton,https://gitcode.com/openharmony-tpc/MaterialFloatingActionButton,,0,0,2025-02-22T23:30:32.966+08:00
4365364,LocationUtil,OpenHarmony-TPC / LocationUtil,https://gitcode.com/openharmony-tpc/LocationUtil,,0,0,2025-02-22T23:30:22.269+08:00
4365356,MaterialSlider,OpenHarmony-TPC / MaterialSlider,https://gitcode.com/openharmony-tpc/MaterialSlider,,0,0,2025-02-22T23:30:36.069+08:00
4365341,ohos_mqtt,OpenHarmony-TPC / ohos_mqtt,https://gitcode.com/openharmony-tpc/ohos_mqtt,,2,22,2025-02-22T23:32:18.055+08:00
4365306,ohos_mail,OpenHarmony-TPC / ohos_mail,https://gitcode.com/openharmony-tpc/ohos_mail,,0,2,2025-02-22T23:31:55.347+08:00
4365266,ohos_coap,OpenHarmony-TPC / ohos_coap,https://gitcode.com/openharmony-tpc/ohos_coap,ohos_coap是基于libcoap v4.3.1版本，封装napi接口，给上层ts提供coap通信能力的三方库,1,6,2025-02-22T23:19:50.462+08:00
4365249,ohos_ftp_srv,OpenHarmony-TPC / ohos_ftp_srv,https://gitcode.com/openharmony-tpc/ohos_ftp_srv,,3,5,2025-02-22T23:20:01.201+08:00
4365236,community,OpenHarmony-TPC / community,https://gitcode.com/openharmony-tpc/community,临时分支管控,0,0,2025-02-22T23:27:43.066+08:00
4365226,ohos_napi_rs,OpenHarmony-TPC / ohos_napi_rs,https://gitcode.com/openharmony-tpc/ohos_napi_rs,,1,0,2025-02-22T23:20:27.430+08:00
